สินค้าส่งออกสำคัญของไทยตามโครงสร้างสินค้าส่งออก,,,,,,,,,,,,
ไต้หวัน,,,,,,,,,,,,
,มูลค่า : ล้านบาท,,,,อัตราการขยายตัว(%),,,,สัดส่วน (%),,,
สินค้า,2559,2560,2560,2561,2559,2560,2560,2561,2559,2560,2560,2561
,,,(ม.ค.-ธ.ค.),(ม.ค.-ธ.ค.),,,(ม.ค.-ธ.ค.),(ม.ค.-ธ.ค.),,,(ม.ค.-ธ.ค.),(ม.ค.-ธ.ค.)
รวมทุกสินค้า,"118,230.6","135,849.0","135,849.0","127,342.3",-0.54,14.90,14.90,-6.26,100.00,100.00,100.00,100.00
" 1. สินค้าเกษตรกรรม (กสิกรรม,ปศุสัตว์,ประมง)","9,796.9","12,017.5","12,017.5","10,976.8",-3.36,22.67,22.67,-8.66,8.29,8.85,8.85,8.62
  1.1 สินค้ากสิกรรม,"8,242.3","9,127.7","9,127.7","8,488.9",-3.99,10.74,10.74,-7.00,6.97,6.72,6.72,6.67
   1.1.1 ข้าว,460.9,557.0,557.0,463.3,-8.68,20.85,20.85,-16.81,0.39,0.41,0.41,0.36
    (1) ข้าวขาว,195.4,265.6,265.6,209.3,6.31,35.92,35.92,-21.20,0.17,0.20,0.20,0.16
     (1.1) ข้าวขาว 100%,131.4,149.1,149.1,172.3,20.44,13.47,13.47,15.53,0.11,0.11,0.11,0.14
     (1.2) ข้าวขาว 5-10%,62.4,71.4,71.4,20.5,-16.42,14.33,14.33,-71.28,0.05,0.05,0.05,0.02
     (1.3) ข้าวขาว 15-20%,,,,10.4,,,,,,,,0.01
     (1.4) ข้าวขาว 25-35%,,0.0,0.0,,,,,,,0.00,0.00,
     (1.5) ข้าวขาว 40-45%,,,,,,,,,,,,
     (1.6) ข้าวขาวอื่นๆ,1.6,45.1,45.1,6.0,"311,240.00","2,797.16","2,797.16",-86.60,0.00,0.03,0.03,0.00
    (2) ข้าวหอมมะลิ,98.1,124.1,124.1,117.8,8.90,26.46,26.46,-5.06,0.08,0.09,0.09,0.09
     (2.1) ข้าวหอมมะลิ 100%,98.1,124.1,124.1,117.8,8.90,26.46,26.46,-5.06,0.08,0.09,0.09,0.09
     (2.2) ข้าวหอมมะลิ 5-10%,,,,,,,,,,,,
     (2.3) ข้าวหอมมะลิ 15-20%,,,,,,,,,,,,
    (3) ปลายข้าว,18.9,26.1,26.1,41.7,-56.68,38.55,38.55,59.38,0.02,0.02,0.02,0.03
     (3.1) ปลายข้าวขาว,3.1,4.4,4.4,1.9,-71.59,41.43,41.43,-56.00,0.00,0.00,0.00,0.00
     (3.2) ปลายข้าวหอมมะลิ,,,,,,,,,,,,
     (3.3) ปลายข้าวอื่น ๆ,15.8,21.7,21.7,39.7,-51.68,37.99,37.99,82.68,0.01,0.02,0.02,0.03
    (4) ข้าวเหนียว,142.4,138.8,138.8,92.7,17.73,-2.49,-2.49,-33.19,0.12,0.10,0.10,0.07
    (5) ข้าวนึ่ง,0.4,,,,"41,244.44",,,,0.00,,,
    (6) ข้าวกล้อง,5.8,2.4,2.4,1.9,-91.29,-59.22,-59.22,-19.58,0.00,0.00,0.00,0.00
     (6.1) ข้าวกล้องขาว,,,,,,,,,,,,
     (6.2) ข้าวกล้องหอมมะลิ,0.5,0.6,0.6,1.1,173.02,26.11,26.11,86.16,0.00,0.00,0.00,0.00
     (6.3) ข้าวกล้องเจ้าสีดำ สีม่วงดำ และสีม่วง,,,,,,,,,,,,
     (6.4) ข้าวกล้องเจ้าสีแดง,,,,,,,,,,,,
     (6.5) ข้าวกล้องเหนียวสีดำ สีม่วงดำ สีม่วง และสีแดง,,,,,,,,,,,,
     (6.6) ข้าวกล้องสี,,,,,,,,,,,,
     (6.7) ข้าวกล้องอื่น ๆ,5.3,1.7,1.7,0.7,-92.01,-67.13,-67.13,-57.18,0.00,0.00,0.00,0.00
    (7) ข้าวอื่นๆ,0.0,0.0,0.0,0.0,-96.02,-85.71,-85.71,0.00,0.00,0.00,0.00,0.00
   1.1.2 ข้าวโพด,29.7,224.5,224.5,23.3,-6.26,655.10,655.10,-89.64,0.03,0.17,0.17,0.02
    (1) ข้าวโพดสำหรับบริโภค,1.1,,,0.0,184.23,,,,0.00,,,0.00
    (2) ข้าวโพดสำหรับเลี้ยงสัตว์,6.4,199.8,199.8,0.8,337.41,"3,029.77","3,029.77",-99.61,0.01,0.15,0.15,0.00
    (3) ข้าวโพดสำหรับทำพันธุ์,22.3,24.6,24.6,22.5,-25.49,10.63,10.63,-8.69,0.02,0.02,0.02,0.02
    (4) ข้าวโพดอื่น ๆ,,,,,,,,,,,,
   1.1.3 ถั่ว,70.8,57.3,57.3,50.7,24.80,-19.05,-19.05,-11.58,0.06,0.04,0.04,0.04
    (1) ถั่วเขียวผิวมัน,11.2,8.3,8.3,3.4,,-25.87,-25.87,-58.92,0.01,0.01,0.01,0.00
    (2) ถั่วเขียวผิวดำ,,0.2,0.2,,,,,,,0.00,0.00,
    (3) ถั่วนิ้วนางแดง,,,,,,,,,,,,
    (4) ถั่วอื่น ๆ,59.6,48.8,48.8,47.2,6.25,-18.15,-18.15,-3.13,0.05,0.04,0.04,0.04
   1.1.4 ผลิตภัณฑ์มันสำปะหลัง,"4,286.7","4,149.3","4,149.3","4,567.0",-6.87,-3.20,-3.20,10.07,3.63,3.05,3.05,3.59
    (1) มันสำปะหลังอัดเม็ดและมันเส้น,,,,,,,,,,,,
     (1.1) มันสำปะหลังอัดเม็ด,,,,,,,,,,,,
     (1.2) มันเส้น,,,,,,,,,,,,
    (2) แป้งมันสำปะหลัง,"3,491.2","3,406.7","3,406.7","3,821.6",-7.69,-2.42,-2.42,12.18,2.95,2.51,2.51,3.00
     (2.1) แป้งมันสำปะหลัง,4.0,0.4,0.4,1.0,"18,355.30",-89.10,-89.10,119.12,0.00,0.00,0.00,0.00
     (2.2) แป้งหยาบทำจากมันสำปะหลัง,,,,,,,,,,,,
     (2.3) สตาร์ชทำจากมันสำปะหลัง,"3,487.1","3,406.2","3,406.2","3,820.6",-7.80,-2.32,-2.32,12.17,2.95,2.51,2.51,3.00
     (2.4) แป้งมันสำปะหลังอื่น ๆ,0.1,,,,,,,,0.00,,,
    (3) เด๊กตรินและโมดิไฟด์สตาร์ชอื่น ๆ,783.4,731.5,731.5,731.5,-3.09,-6.62,-6.62,-0.01,0.66,0.54,0.54,0.57
    (4) ผลิตภัณท์มันสำปะหลัง อื่น ๆ,12.0,11.1,11.1,14.0,-0.03,-7.61,-7.61,25.39,0.01,0.01,0.01,0.01
     (4.1) หัวมันสำปะหลัง,,,,,,,,,,,,
     (4.2) สาคู ทำจากแป้งมันสำปะหลัง,11.6,10.6,10.6,13.3,0.35,-8.37,-8.37,25.83,0.01,0.01,0.01,0.01
     (4.3) กากและมันสำปะหลังอื่น ๆ,0.5,0.5,0.5,0.6,-8.48,10.94,10.94,16.48,0.00,0.00,0.00,0.00
   1.1.5 ผลไม้สด แช่เย็น แช่แข็งและแห้ง,456.0,661.3,661.3,515.2,-6.65,45.01,45.01,-22.09,0.39,0.49,0.49,0.40
    (1) ผลไม้สด,353.9,520.6,520.6,407.3,-1.27,47.10,47.10,-21.75,0.30,0.38,0.38,0.32
     (1.1) ลำไยสด,1.5,0.0,0.0,,,-98.50,-98.50,,0.00,0.00,0.00,
     (1.2) ทุเรียนสด,350.4,496.9,496.9,404.6,-0.30,41.79,41.79,-18.57,0.30,0.37,0.37,0.32
     (1.3) มะม่วงสด,0.5,1.7,1.7,0.9,,240.05,240.05,-49.78,0.00,0.00,0.00,0.00
     (1.4) ลิ้นจี่สด,,,,,,,,,,,,
     (1.5) กล้วยสด,,,,,,,,,,,,
     (1.6) ผลไม้จำพวกส้ม สด,0.0,0.0,0.0,0.0,,-100.00,-100.00,,0.00,0.00,0.00,0.00
     (1.7) เงาะสด,,,,,,,,,,,,
     (1.8) มังคุดสด,0.7,1.5,1.5,0.2,-86.81,121.93,121.93,-87.59,0.00,0.00,0.00,0.00
     (1.9) สับปะรดสด,0.0,0.3,0.3,0.3,,"265,900.00","265,900.00",3.83,0.00,0.00,0.00,0.00
     (1.10) ผลไม้สดอื่น ๆ,0.7,20.1,20.1,1.3,-52.24,"2,702.23","2,702.23",-93.32,0.00,0.01,0.01,0.00
    (2) ผลไม้แช่แข็ง,41.3,45.4,45.4,16.8,-26.04,9.93,9.93,-62.96,0.03,0.03,0.03,0.01
     (2.1) สับปะรดแช่เย็นจนแข็ง,0.6,10.2,10.2,0.0,-39.99,"1,567.91","1,567.91",-99.65,0.00,0.01,0.01,0.00
     (2.2) ทุเรียนแช่เย็นจนแข็ง,28.0,15.0,15.0,4.1,-44.88,-46.57,-46.57,-72.66,0.02,0.01,0.01,0.00
     (2.3) ลำไยแช่เย็นจนแข็ง,,,,,,,,,,,,
     (2.4) ผลไม้แช่เย็นจนแข็งอื่น ๆ,12.7,20.3,20.3,12.7,212.09,59.49,59.49,-37.41,0.01,0.01,0.01,0.01
    (3) ผลไม้แห้ง,22.2,25.1,25.1,10.9,-0.16,13.19,13.19,-56.48,0.02,0.02,0.02,0.01
     (3.1) ลำไยแห้ง,8.4,6.5,6.5,0.3,37.26,-22.02,-22.02,-95.07,0.01,0.00,0.00,0.00
     (3.2) ผลไม้แห้งอื่น ๆ,13.8,18.5,18.5,10.6,-14.37,34.62,34.62,-42.88,0.01,0.01,0.01,0.01
    (4) ผลไม้อื่น ๆ,38.7,70.2,70.2,80.1,-25.70,81.53,81.53,14.10,0.03,0.05,0.05,0.06
   1.1.6 ผักสด แช่เย็น แช่แข็งและแห้ง,477.9,492.7,492.7,521.4,50.95,3.11,3.11,5.82,0.40,0.36,0.36,0.41
    (1) ผักสดหรือแช่เย็น,306.4,372.6,372.6,381.1,36.15,21.62,21.62,2.29,0.26,0.27,0.27,0.30
     (1.1) หน่อไม้ฝรั่งสดหรือแช่เย็น,23.9,18.2,18.2,16.4,-32.96,-24.07,-24.07,-9.72,0.02,0.01,0.01,0.01
     (1.2) หอมหัวใหญ่ หอมหัวเล็ก กระเทียม สดหรือแช่เย็น,28.7,19.6,19.6,7.6,"16,133.84",-31.85,-31.85,-61.29,0.02,0.01,0.01,0.01
     (1.3) พริกสดหรือแช่เย็น,,,,,,,,,,,,
     (1.4) ข้าวโพดอ่อนสดหรือแช่เย็น,1.1,19.9,19.9,17.9,92.68,"1,771.17","1,771.17",-9.82,0.00,0.01,0.01,0.01
     (1.5) กระเจี๊ยบสดหรือแช่เย็น,0.1,0.8,0.8,0.3,,598.85,598.85,-59.72,0.00,0.00,0.00,0.00
     (1.6) เห็ดสดหรือแช่เย็น,,,,0.2,,,,,,,,0.00
     (1.7) ผักสดหรือแช่เย็นอื่น ๆ,252.5,314.2,314.2,338.7,35.40,24.42,24.42,7.81,0.21,0.23,0.23,0.27
    (2) ผักแช่แข็ง,46.9,35.0,35.0,38.3,156.17,-25.33,-25.33,9.50,0.04,0.03,0.03,0.03
     (2.1) พืชผักตระกูลถั่ว แช่แข็ง,11.8,5.7,5.7,9.9,144.01,-51.73,-51.73,72.79,0.01,0.00,0.00,0.01
     (2.2) ข้าวโพดหวานแช่แข็ง,22.4,20.6,20.6,21.2,83.32,-7.79,-7.79,2.69,0.02,0.02,0.02,0.02
     (2.3) กระเจี๊ยบแช่แข็ง,,,,,,,,,,,,
     (2.4) ผักต่าง ๆ ผสมกัน แช่แข็ง,0.0,0.6,0.6,,,"80,771.43","80,771.43",,0.00,0.00,0.00,
     (2.5) ผักแช่แข็งอื่น ๆ,12.6,8.1,8.1,7.2,931.10,-36.15,-36.15,-10.26,0.01,0.01,0.01,0.01
    (3) ผักแห้ง,100.5,84.7,84.7,96.5,84.30,-15.71,-15.71,13.86,0.09,0.06,0.06,0.08
    (4) ผักอื่น ๆ,24.1,0.4,0.4,5.5,28.76,-98.28,-98.28,"1,220.10",0.02,0.00,0.00,0.00
   1.1.7 เครื่องเทศและสมุนไพร,34.0,84.4,84.4,81.9,-14.79,148.53,148.53,-3.01,0.03,0.06,0.06,0.06
    (1) พริกไทย,1.4,0.6,0.6,2.0,17.08,-55.72,-55.72,217.48,0.00,0.00,0.00,0.00
     (1.1) พริกไทยไม่บดหรือไม่ป่น,1.0,0.1,0.1,0.0,245.58,-88.27,-88.27,-79.89,0.00,0.00,0.00,0.00
     (1.2) พริกไทยบดหรือป่น,0.4,0.5,0.5,1.9,-52.80,17.17,17.17,284.07,0.00,0.00,0.00,0.00
    (2) มะขามเปียก,,,,,,,,,,,,
    (3) เครื่องเทศ,23.1,35.6,35.6,34.5,-28.26,54.21,54.21,-3.04,0.02,0.03,0.03,0.03
"     (3.1) พริกในตระกูลแคปซีกัม, พิเมนตา (แห้ง/ป่น)",1.4,3.8,3.8,1.9,-20.72,172.84,172.84,-49.85,0.00,0.00,0.00,0.00
     (3.2) วานิลา,0.1,,,,,,,,0.00,,,
     (3.3) กานพลู,,,,,,,,,,,,
     (3.4) อบเชยและดอกอบเชย,,,,,,,,,,,,
     (3.5) ลูกจันทน์เทศ ดอกจันทน์เทศและกระวาน,1.2,,,,,,,,0.00,,,
     (3.6) เมล็ดยี่หร่า โป๊ยกั๊ก เทียนข้าวเปลือก ฯลฯ,0.5,0.6,0.6,0.1,97.90,31.29,31.29,-86.83,0.00,0.00,0.00,0.00
     (3.7) ขิง หญ้าฝรั่น ขมิ้น ไทม์ ใบเบย์ หอมแขก และเครื่องเทศอื่น ๆ,20.0,31.2,31.2,32.5,-33.70,55.95,55.95,4.20,0.02,0.02,0.02,0.03
    (4) สมุนไพร,7.9,31.3,31.3,26.3,57.21,298.15,298.15,-16.07,0.01,0.02,0.02,0.02
    (5) สารสกัดจากสมุนไพร,0.6,1.6,1.6,16.1,-31.68,160.84,160.84,893.83,0.00,0.00,0.00,0.01
    (6) หมาก,1.0,15.4,15.4,3.1,65.05,"1,367.56","1,367.56",-79.96,0.00,0.01,0.01,0.00
   1.1.8 กล้วยไม้,36.9,30.0,30.0,26.8,-9.94,-18.72,-18.72,-10.56,0.03,0.02,0.02,0.02
    (1) ดอกกล้วยไม้,33.1,25.7,25.7,23.6,3.56,-22.51,-22.51,-7.97,0.03,0.02,0.02,0.02
    (2) ต้นกล้วยไม้(พันต้น),3.8,4.4,4.4,3.2,-57.79,14.24,14.24,-25.80,0.00,0.00,0.00,0.00
   1.1.9 ยางพารา,"1,891.1","2,393.5","2,393.5","1,799.8",-7.26,26.57,26.57,-24.81,1.60,1.76,1.76,1.41
    (1) ยางแผ่น,"1,221.0","1,553.9","1,553.9","1,194.5",-11.23,27.27,27.27,-23.13,1.03,1.14,1.14,0.94
     (1.1) ยางแผ่นรมควัน ชั้นที่ 1,54.2,72.4,72.4,57.3,-8.46,33.48,33.48,-20.90,0.05,0.05,0.05,0.04
     (1.2) ยางแผ่นรมควัน ชั้นที่ 2,,,,,,,,,,,,
     (1.3) ยางแผ่นรมควัน ชั้นที่ 3,"1,100.4","1,396.1","1,396.1","1,080.9",-11.78,26.87,26.87,-22.58,0.93,1.03,1.03,0.85
     (1.4) ยางแผ่นรมควัน ชั้นที่ 4,18.0,26.7,26.7,17.6,38.98,48.40,48.40,-34.34,0.02,0.02,0.02,0.01
     (1.5) ยางแผ่นรมควัน ชั้นที่ 5,,,,,,,,,,,,
     (1.6) ยางแผ่นผึ่งแห้ง,48.3,58.7,58.7,38.8,-13.49,21.42,21.42,-33.81,0.04,0.04,0.04,0.03
     (1.7) ยางแผ่นไม่รมควัน ยางแผ่นดิบ,,,,,,,,,,,,
    (2) ยางแท่ง,389.8,534.5,534.5,359.1,8.99,37.12,37.12,-32.82,0.33,0.39,0.39,0.28
     (2.1) ยางธรรมชาติที่กำหนดไว้ในทางเทคนิค,209.1,336.5,336.5,250.4,-13.50,60.94,60.94,-25.59,0.18,0.25,0.25,0.20
     (2.2) ยางแท่งชั้น 5,,,,,,,,,,,,
     (2.3) ทีทีอาร์ เอศเอ็มอาร์ ไอเอสอาร์ เอสเอสอาร์ ไดแน็ท ฯลฯ,,,,,,,,,,,,
     (2.4) ยางแท่งอื่น ๆ,180.7,198.0,198.0,108.7,55.92,9.56,9.56,-45.10,0.15,0.15,0.15,0.09
    (3) น้ำยางข้น,217.4,230.7,230.7,185.7,-5.22,6.12,6.12,-19.47,0.18,0.17,0.17,0.15
    (4) ยางพาราอื่น ๆ,62.9,74.4,74.4,60.4,-17.91,18.32,18.32,-18.88,0.05,0.05,0.05,0.05
     (4.2) ในลักษณะขั้นปฐม,60.9,74.0,74.0,60.3,-14.84,21.51,21.51,-18.49,0.05,0.05,0.05,0.05
     (4.3) ยางเครฟ,1.9,,,,-64.22,,,,0.00,,,
     (4.4) อื่น ๆ,0.2,0.5,0.5,0.1,,139.98,139.98,-77.59,0.00,0.00,0.00,0.00
   1.1.10 กาแฟ,3.2,4.3,4.3,3.0,6.86,36.75,36.75,-31.29,0.00,0.00,0.00,0.00
    (1) กาแฟดิบ,1.4,3.0,3.0,2.1,-11.33,112.95,112.95,-28.80,0.00,0.00,0.00,0.00
    (2) กาแฟคั่ว,1.8,1.4,1.4,0.9,27.05,-22.33,-22.33,-36.59,0.00,0.00,0.00,0.00
   1.1.11 ใบยาสูบ,,0.0,0.0,,,,,,,0.00,0.00,
    (1) พันธุ์เวอร์จิเนีย,,,,,,,,,,,,
    (2) พันธุ์เบอร์เลย์,,,,,,,,,,,,
    (3) พันธุ์โอเรียนตอล,,,,,,,,,,,,
    (4) เศษใบยาสูบและอื่นๆ,,0.0,0.0,,,,,,,0.00,0.00,
   1.1.12 พืชน้ำมัน,216.3,171.0,171.0,156.5,-0.11,-20.94,-20.94,-8.51,0.18,0.13,0.13,0.12
    (1) ปาล์มน้ำมัน,,,,,,,,,,,,
    (2) พืชน้ำมันอื่น ๆ,216.3,171.0,171.0,156.5,-0.11,-20.94,-20.94,-8.51,0.18,0.13,0.13,0.12
   1.1.14 เมล็ดมะม่วงหิมพานต์,,0.1,0.1,,,,,,,0.00,0.00,
   1.1.15 ธัญญพืช,49.0,35.4,35.4,21.6,-16.39,-27.82,-27.82,-39.00,0.04,0.03,0.03,0.02
    (1) ลูกเดือยทั้งเปลือก,24.1,11.2,11.2,0.3,2.57,-53.73,-53.73,-97.34,0.02,0.01,0.01,0.00
    (2) รำและเศษจากธัญญพืช,,0.0,0.0,,,,,,,0.00,0.00,
    (3) ธัญญพืชอื่น ๆ,24.8,24.2,24.2,21.3,-28.82,-2.66,-2.66,-12.06,0.02,0.02,0.02,0.02
   1.1.16 เมล็ด ผลและสปอร์ ชนิดที่ใช้ในการเพาะปลูก,67.0,93.3,93.3,145.4,14.48,39.35,39.35,55.84,0.06,0.07,0.07,0.11
   1.1.17 ครั่ง,,,,,,,,,,,,
   1.1.18 ฝ้าย,3.9,4.4,4.4,2.4,-53.17,12.59,12.59,-45.31,0.00,0.00,0.00,0.00
   1.1.19 สินค้ากสิกรรมอื่น ๆ,159.0,169.1,169.1,110.7,33.82,6.35,6.35,-34.51,0.13,0.12,0.12,0.09
  1.2 สินค้าประมง,"1,297.8","2,516.6","2,516.6","2,297.1",1.32,93.92,93.92,-8.72,1.10,1.85,1.85,1.80
   1.2.1 กุ้ง,728.0,"1,886.1","1,886.1","1,709.9",27.18,159.07,159.07,-9.34,0.62,1.39,1.39,1.34
    (1) กุ้งสด แช่เย็น แช่แข็ง,728.0,"1,562.0","1,562.0","1,113.5",27.19,114.56,114.56,-28.71,0.62,1.15,1.15,0.87
     (1.1) กุ้งกุลาดำสด แช่เย็น แช่แข็ง,85.2,63.8,63.8,50.3,-10.02,-25.19,-25.19,-21.06,0.07,0.05,0.05,0.04
     (1.2) กุ้งก้ามกรามสด แช่เย็น แช่แข็ง,,1.6,1.6,0.4,,,,-75.58,,0.00,0.00,0.00
     (1.3) กุ้งอื่น ๆ สด แช่เย็น แช่แข็ง,642.8,"1,496.6","1,496.6","1,062.8",34.57,132.84,132.84,-28.99,0.54,1.10,1.10,0.83
    (2) กุ้งแห้ง ใส่เกลือหรือแช่น้ำเกลือ รมควัน,,0.0,0.0,0.0,,,,87.27,,0.00,0.00,0.00
    (3) กุ้งต้มสุกแช่เย็น,,323.8,323.8,593.9,,,,83.45,,0.24,0.24,0.47
    (4) กุ้งอื่น ๆ,0.0,0.3,0.3,2.5,-86.92,"19,471.43","19,471.43",816.24,0.00,0.00,0.00,0.00
   1.2.2 ปลาหมึก,109.0,181.0,181.0,157.3,-24.08,66.09,66.09,-13.07,0.09,0.13,0.13,0.12
    (1) ปลาหมึก มีชีวิต สด แช่เย็น แช่แข็ง,108.6,180.4,180.4,151.7,-24.09,66.07,66.07,-15.90,0.09,0.13,0.13,0.12
    (2) ปลาหมึก แห้ง ใส่เกลือหรือแช่น้ำเกลือ รมควัน                            ,0.3,0.5,0.5,5.6,-20.32,74.05,74.05,927.91,0.00,0.00,0.00,0.00
   1.2.3 ปลา,299.8,300.9,300.9,270.7,-23.86,0.38,0.38,-10.04,0.25,0.22,0.22,0.21
    (1) เนื้อปลาสด แช่เย็น แช่แข็ง,145.2,136.3,136.3,114.1,-2.24,-6.17,-6.17,-16.28,0.12,0.10,0.10,0.09
    (2) ปลาสด แช่เย็น แช่แข็ง,107.7,114.1,114.1,84.8,-40.73,5.97,5.97,-25.66,0.09,0.08,0.08,0.07
    (3) ปลาแห้งและส่วนต่าง ๆ แห้ง ใส่เกลือหรือรมควัน(เมตริกตัน),12.2,8.6,8.6,10.0,-50.43,-29.88,-29.88,17.12,0.01,0.01,0.01,0.01
    (4) ปลามีชีวิต และพันธุ์ปลา,34.7,42.0,42.0,61.8,-10.71,21.10,21.10,47.11,0.03,0.03,0.03,0.05
   1.2.4 สัตว์น้ำจำพวกครัสตาเซียและโมลลุสก์ อื่น ๆ,160.5,102.2,102.2,145.5,-5.67,-36.28,-36.28,42.32,0.14,0.08,0.08,0.11
    (1) ปู สด แช่เย็น แช่แข็ง นึ่งหรือต้ม,83.1,87.9,87.9,139.0,-20.01,5.69,5.69,58.22,0.07,0.06,0.06,0.11
    (2) หอย มีชีวิต สด แช่เย็น แช่แข็ง แห้ง ใส่เกลือหรือแช่น้ำเกลือ รมควัน ,44.7,10.5,10.5,1.0,1.70,-76.44,-76.44,-90.23,0.04,0.01,0.01,0.00
    (3) สัตว์น้ำจำพวกครัสตาเซียและโมลลุสก์ อื่น ๆ อื่น ๆ  ,32.6,3.8,3.8,5.4,46.79,-88.23,-88.23,41.83,0.03,0.00,0.00,0.00
   1.2.5 แมงกะพรุน,0.5,43.7,43.7,11.4,-52.44,"7,994.16","7,994.16",-73.80,0.00,0.03,0.03,0.01
   1.2.6 ตะพาบน้ำ,,,,0.4,,,,,,,,0.00
   1.2.7 กบ,,,,,,,,,,,,
   1.2.8  ประมงอื่น ๆ,0.0,2.8,2.8,1.7,,"62,720.45","62,720.45",-36.91,0.00,0.00,0.00,0.00
  1.3 ปศุสัตว์,256.8,373.1,373.1,190.8,-5.49,45.30,45.30,-48.86,0.22,0.27,0.27,0.15
   1.3.1 ไก่,0.6,,,0.5,26.62,,,,0.00,,,0.00
    (1) ไก่สดแช่เย็นแช่แข็ง,0.6,,,0.5,26.62,,,,0.00,,,0.00
    (2) ไก่แปรรูป,,,,,,,,,,,,
   1.3.2 เป็ดสดแช่เย็นแช่แข็ง,,,,,,,,,,,,
   1.3.3 สุกรสดแช่เย็นแช่แข็ง,,,,,,,,,,,,
   1.3.4 กระดูกสัตว์และขนสัตว์ปีก,45.1,58.8,58.8,27.4,-62.50,30.38,30.38,-53.36,0.04,0.04,0.04,0.02
   1.3.5 ไข่ไก่สด(พันฟอง),,,,,,,,,,,,
   1.3.6 เนื้อและส่วนต่าง ๆ ของสัตว์ที่บริโภคได้,0.8,0.5,0.5,0.2,-68.09,-43.89,-43.89,-60.33,0.00,0.00,0.00,0.00
   1.3.7 สินค้าปศุสัตว์อื่น ๆ,210.3,313.9,313.9,162.7,41.65,49.22,49.22,-48.17,0.18,0.23,0.23,0.13
 2. สินค้าอุตสาหกรรมการเกษตร,"11,374.9","21,046.8","21,046.8","15,496.1",3.79,85.03,85.03,-26.37,9.62,15.49,15.49,12.17
  2.1  อาหารทะเลกระป๋องและแปรรูป,940.0,997.4,997.4,"1,127.3",0.86,6.10,6.10,13.02,0.80,0.73,0.73,0.89
   2.1.1 อาหารทะเลกระป๋อง,250.8,519.3,519.3,639.3,-6.84,107.06,107.06,23.10,0.21,0.38,0.38,0.50
    (1)  ทูน่ากระป๋อง,171.8,221.1,221.1,208.0,-17.60,28.71,28.71,-5.90,0.15,0.16,0.16,0.16
    (2)  ซาร์ดีนกระป๋อง,0.7,0.4,0.4,,"1,172.81",-39.04,-39.04,,0.00,0.00,0.00,
    (3)  ปูกระป๋อง,11.0,9.7,9.7,10.8,113.16,-11.43,-11.43,11.65,0.01,0.01,0.01,0.01
    (4)  กุ้งกระป๋อง,67.4,217.0,217.0,328.7,21.25,221.92,221.92,51.48,0.06,0.16,0.16,0.26
    (5) หอยลายกระป๋อง(เมตริกตัน),,,,,,,,,,,,
    (6) ปลาหมึกกระป๋อง,,0.3,0.3,1.9,,,,523.00,,0.00,0.00,0.00
    (7) อาหารทะเลกระป๋องอื่น ๆ,,70.8,70.8,89.8,,,,26.85,,0.05,0.05,0.07
   2.1.2 อาหารทะเลแปรรูป,689.2,478.0,478.0,488.0,4.00,-30.64,-30.64,2.07,0.58,0.35,0.35,0.38
    (1) กุ้งแปรรูป,159.7,97.3,97.3,76.7,2.86,-39.05,-39.05,-21.19,0.14,0.07,0.07,0.06
    (2) ปลาหมึกแปรรูป,2.5,8.2,8.2,55.5,-71.92,234.64,234.64,574.48,0.00,0.01,0.01,0.04
    (3) ปูแปรรูป,0.1,6.5,6.5,3.1,54.98,"7,653.45","7,653.45",-52.01,0.00,0.00,0.00,0.00
    (4) ปลาแปรรูป,429.0,308.7,308.7,349.7,6.49,-28.06,-28.06,13.28,0.36,0.23,0.23,0.27
     (4.1) ปลาทูน่า แปรรูป,2.2,0.8,0.8,0.3,456.40,-62.09,-62.09,-65.44,0.00,0.00,0.00,0.00
     (4.2) ปลาอื่น ๆ แปรรูป,426.9,307.9,307.9,349.4,6.05,-27.88,-27.88,13.49,0.36,0.23,0.23,0.27
    (5) สัตว์น้ำประเภทครัสตาเซีย แปรรูป,1.6,0.7,0.7,0.1,12.98,-55.90,-55.90,-84.28,0.00,0.00,0.00,0.00
    (6) หอยลาย แปรรูป,6.0,2.1,2.1,0.2,"1,071.53",-65.35,-65.35,-92.38,0.01,0.00,0.00,0.00
    (7)  อาหารทะเลแปรรูปอื่น ๆ,90.3,54.5,54.5,2.7,-3.75,-39.64,-39.64,-95.04,0.08,0.04,0.04,0.00
  2.2 น้ำตาลทรายและกากน้ำตาล,"3,332.6","13,367.2","13,367.2","7,349.3",-2.28,301.10,301.10,-45.02,2.82,9.84,9.84,5.77
   2.2.1 น้ำตาลทราย,"3,140.8","13,366.7","13,366.7","7,348.7",-7.89,325.58,325.58,-45.02,2.66,9.84,9.84,5.77
    (1) น้ำตาลทรายดิบ,945.0,423.4,423.4,"1,681.3",-55.42,-55.19,-55.19,297.08,0.80,0.31,0.31,1.32
    (2) น้ำตาลทรายขาว,"2,195.8","12,943.3","12,943.3","5,667.4",70.23,489.45,489.45,-56.21,1.86,9.53,9.53,4.45
    (3) น้ำตาลอื่น ๆ(เมตริกตัน),,,,,,,,,,,,
   2.2.2 กากน้ำตาล,191.9,0.5,0.5,0.7,"46,636.10",-99.73,-99.73,24.67,0.16,0.00,0.00,0.00
  2.3 ผลไม้กระป๋องและแปรรูป,939.6,"1,017.3","1,017.3",937.6,23.86,8.27,8.27,-7.84,0.79,0.75,0.75,0.74
   2.3.1 ผลไม้กระป๋อง,446.6,182.1,182.1,129.6,20.00,-59.21,-59.21,-28.83,0.38,0.13,0.13,0.10
    (1) สับปะรดกระป๋อง,182.3,116.7,116.7,67.2,-3.41,-36.00,-36.00,-42.38,0.15,0.09,0.09,0.05
    (2) เงาะและเงาะสอดไส้สับปะรด,10.4,11.2,11.2,15.8,-9.53,7.73,7.73,41.67,0.01,0.01,0.01,0.01
    (3) ลิ้นจี่กระป๋อง,2.3,2.2,2.2,1.8,260.73,-7.77,-7.77,-18.17,0.00,0.00,0.00,0.00
    (4) ลำไยกระป๋อง,1.5,1.5,1.5,1.4,13.11,-5.86,-5.86,-6.38,0.00,0.00,0.00,0.00
    (5) มะม่วงกระป๋อง,6.6,6.4,6.4,4.5,-14.31,-3.31,-3.31,-29.08,0.01,0.00,0.00,0.00
    (6) ผลไม้รวมกระป๋อง,11.1,9.6,9.6,7.3,-19.68,-13.62,-13.62,-24.21,0.01,0.01,0.01,0.01
    (7) ผลไม้กระป๋องอื่น ๆ,232.3,34.7,34.7,31.6,56.59,-85.08,-85.08,-8.80,0.20,0.03,0.03,0.02
   2.3.2 น้ำผลไม้,334.8,362.7,362.7,407.9,23.52,8.35,8.35,12.45,0.28,0.27,0.27,0.32
    (1) น้ำสับปะรด,162.1,142.5,142.5,140.4,29.08,-12.07,-12.07,-1.49,0.14,0.10,0.10,0.11
    (2) น้ำส้มชนิดออเร้นจ์,4.9,3.3,3.3,2.5,-35.76,-32.34,-32.34,-24.96,0.00,0.00,0.00,0.00
    (3) น้ำผลไม้ผสม,12.3,12.2,12.2,15.8,21.94,-1.20,-1.20,29.49,0.01,0.01,0.01,0.01
    (4) น้ำผลไม้อื่น ๆ,155.5,204.8,204.8,249.3,21.71,31.67,31.67,21.74,0.13,0.15,0.15,0.20
   2.3.3 ผลไม้แปรรูป,158.3,472.4,472.4,400.1,37.10,198.51,198.51,-15.32,0.13,0.35,0.35,0.31
    (1) สับปะรดแปรรูป,11.5,102.4,102.4,65.4,53.03,793.03,793.03,-36.14,0.01,0.08,0.08,0.05
    (2) ส้มแปรรูป,18.2,17.4,17.4,30.7,129.30,-4.41,-4.41,76.74,0.02,0.01,0.01,0.02
    (3) ผลไม้แปรรูปอื่น ๆ,128.6,352.6,352.6,303.9,28.59,174.17,174.17,-13.81,0.11,0.26,0.26,0.24
  2.4 ผักกระป๋อง และผักแปรรูป,739.3,581.6,581.6,652.0,25.41,-21.33,-21.33,12.10,0.63,0.43,0.43,0.51
   (1) ข้าวโพดฝักอ่อนกระป๋อง,11.1,11.2,11.2,11.7,-34.40,1.01,1.01,4.08,0.01,0.01,0.01,0.01
   (2) ข้าวโพดหวานกระป๋อง แปรรูป,641.3,508.5,508.5,539.8,23.91,-20.70,-20.70,6.15,0.54,0.37,0.37,0.42
   (3) หน่อไม้กระป๋อง แปรรูป,12.1,7.3,7.3,7.1,141.95,-39.99,-39.99,-2.65,0.01,0.01,0.01,0.01
   (4) มะเขือเทศแปรรูป,,0.0,0.0,0.6,,,,,,0.00,0.00,0.00
   (5) เห็ดแปรรูป,,,,,,,,,,,,
   (6) พืชผักดองด้วยน้ำส้ม,0.0,,,10.5,-28.89,,,,0.00,,,0.01
   (7) ผักกระป๋องและผักแปรรูปอื่น ๆ ,74.7,54.6,54.6,82.3,49.56,-26.97,-26.97,50.88,0.06,0.04,0.04,0.06
  2.5 ผลิตภัณฑ์ข้าว,230.8,125.5,125.5,169.1,5.13,-45.64,-45.64,34.77,0.20,0.09,0.09,0.13
   2.5.1 แป้งข้าวเจ้า,30.1,7.5,7.5,18.9,34.31,-74.99,-74.99,150.85,0.03,0.01,0.01,0.01
   2.5.2 แป้งข้าวเหนียว,108.6,34.8,34.8,80.6,3.12,-67.91,-67.91,131.50,0.09,0.03,0.03,0.06
   2.5.3 เส้นหมี่ก๋วยเตี๋ยว,0.0,0.1,0.1,0.0,-71.85,148.61,148.61,-54.97,0.00,0.00,0.00,0.00
   2.5.4 ขนมปังกรอบ,92.1,83.0,83.0,69.5,0.40,-9.87,-9.87,-16.25,0.08,0.06,0.06,0.05
  2.6 ผลิตภัณฑ์ข้าวสาลีและอาหารสำเร็จรูปอื่น ๆ,"1,571.9","1,778.2","1,778.2","1,913.5",4.87,13.12,13.12,7.61,1.33,1.31,1.31,1.50
   2.6.1 บะหมี่กึ่งสำเร็จรูปและอาหารสำเร็จ,"1,277.0","1,364.1","1,364.1","1,481.0",3.34,6.82,6.82,8.57,1.08,1.00,1.00,1.16
   2.6.2 ผลิตภัณฑ์ข้าวสาลีอื่น ๆ,294.8,414.0,414.0,432.4,12.03,40.43,40.43,4.44,0.25,0.30,0.30,0.34
    (1) บิสกิต แวฟเฟิล และเวเฟอร์,190.8,202.7,202.7,178.7,11.75,6.24,6.24,-11.84,0.16,0.15,0.15,0.14
    (2) แป้งสาลี,8.8,7.4,7.4,7.3,8.63,-15.79,-15.79,-1.53,0.01,0.01,0.01,0.01
    (3) ผลิตภัณฑ์อื่น ๆ ของข้าวสาลี,95.2,203.9,203.9,246.4,12.91,114.24,114.24,20.85,0.08,0.15,0.15,0.19
  2.7 อาหารสัตว์เลี้ยง,"1,421.5","1,482.9","1,482.9","1,686.2",12.20,4.32,4.32,13.71,1.20,1.09,1.09,1.32
   2.7.1 อาหารสุนัขและแมว,"1,374.9","1,431.9","1,431.9","1,640.7",12.55,4.14,4.14,14.59,1.16,1.05,1.05,1.29
   2.7.2 อาหารสัตว์อื่น ๆ,46.6,51.0,51.0,45.4,2.76,9.56,9.56,-10.93,0.04,0.04,0.04,0.04
  2.8 สิ่งปรุงรสอาหาร,255.9,312.2,312.2,322.8,16.97,22.00,22.00,3.41,0.22,0.23,0.23,0.25
   2.8.1 ซอส,33.7,45.5,45.5,50.5,3.63,34.91,34.91,10.94,0.03,0.03,0.03,0.04
    (1) ซอสพริก,21.1,26.9,26.9,33.3,-3.79,27.51,27.51,23.86,0.02,0.02,0.02,0.03
    (2) ซอสถั่วเหลือง,6.0,7.9,7.9,9.7,4.56,31.17,31.17,22.66,0.01,0.01,0.01,0.01
    (3) ซอสมะเขือเทศ,6.7,10.8,10.8,7.5,35.65,61.71,61.71,-29.88,0.01,0.01,0.01,0.01
   2.8.2 น้ำปลา,31.9,57.5,57.5,48.1,23.03,80.23,80.23,-16.21,0.03,0.04,0.04,0.04
   2.8.3 เครื่องแกงสำเร็จรูป,5.1,12.4,12.4,9.3,6.23,144.34,144.34,-25.58,0.00,0.01,0.01,0.01
   2.8.4 ผงปรุงรส,25.3,69.0,69.0,82.6,12.86,172.76,172.76,19.58,0.02,0.05,0.05,0.06
   2.8.5 สิ่งปรุงรสอื่น ๆ(เมตริกตัน),159.9,127.7,127.7,132.4,20.13,-20.11,-20.11,3.63,0.14,0.09,0.09,0.10
  2.9 นมและผลิตภัณฑ์นม,30.7,40.8,40.8,45.6,-29.11,32.73,32.73,11.71,0.03,0.03,0.03,0.04
  2.10 หมากฝรั่งและขนมที่ไม่มีโกโก้ผสม,46.2,38.9,38.9,43.0,-10.21,-15.75,-15.75,10.55,0.04,0.03,0.03,0.03
  2.11 เครื่องดื่ม,514.2,425.8,425.8,349.1,1.98,-17.19,-17.19,-18.00,0.43,0.31,0.31,0.27
   2.11.1 เครื่องดื่มที่ไม่มีแอลกอฮอส์,75.3,73.1,73.1,78.6,2.97,-3.01,-3.01,7.65,0.06,0.05,0.05,0.06
    (1) น้ำแร่น้ำอัดลมที่ปรุงรส(พันลิตร),1.9,2.1,2.1,2.6,-93.81,10.07,10.07,24.78,0.00,0.00,0.00,0.00
    (2) เครื่องดื่มอื่น ๆ (พันลิตร),67.9,64.9,64.9,71.1,83.82,-4.34,-4.34,9.59,0.06,0.05,0.05,0.06
    (3) เครื่องดื่มที่ไม่มีแอลกอฮอล์อื่น ๆ(พันลิตร),5.6,6.1,6.1,4.9,-3.98,8.72,8.72,-19.03,0.00,0.00,0.00,0.00
   2.11.2 เครื่องดื่มที่มีแอลกอฮอส์(พันลิตร),438.9,352.7,352.7,270.5,1.81,-19.63,-19.63,-23.32,0.37,0.26,0.26,0.21
    (1) วิสกี้(พันลิตร),298.1,186.9,186.9,65.4,5.30,-37.31,-37.31,-64.98,0.25,0.14,0.14,0.05
    (2) ไวน์(พันลิตร),3.8,3.1,3.1,10.2,8.97,-17.40,-17.40,229.54,0.00,0.00,0.00,0.01
    (3) เบียร์(พันลิตร),126.3,125.9,125.9,104.5,0.20,-0.31,-0.31,-17.03,0.11,0.09,0.09,0.08
    (4) เครื่องดื่มที่มีแอลกอฮอส์อื่น ๆ(พันลิตร),10.8,36.9,36.9,90.4,-41.92,242.57,242.57,145.14,0.01,0.03,0.03,0.07
  2.12 ซุปและอาหารปรุงแต่ง,36.8,47.0,47.0,55.1,18.88,27.88,27.88,17.11,0.03,0.03,0.03,0.04
   2.12.1 ซุปและซุปข้นและของปรุงแต่งสำหรับทำซุป,36.1,46.2,46.2,53.9,17.55,27.96,27.96,16.69,0.03,0.03,0.03,0.04
   2.12.2 อาหารปรุงแต่งที่มีส่วนผสมรวมเข้าเป็นเนื้อเดียวกัน,0.7,0.8,0.8,1.2,199.03,23.51,23.51,40.36,0.00,0.00,0.00,0.00
  2.13 ไขมันและน้ำมันจากพืชและสัตว์,113.3,113.9,113.9,75.4,23.06,0.57,0.57,-33.81,0.10,0.08,0.08,0.06
   (1) น้ำมันปาล์ม,0.9,0.2,0.2,0.1,328.52,-78.71,-78.71,-62.51,0.00,0.00,0.00,0.00
   (2) น้ำมันถั่วเหลือง,1.7,5.6,5.6,5.1,321.53,229.78,229.78,-8.28,0.00,0.00,0.00,0.00
   (3) ไขมันและน้ำมันจากพืชและสัตว์อื่น ๆ,110.7,108.1,108.1,70.2,21.03,-2.28,-2.28,-35.08,0.09,0.08,0.08,0.06
  2.14 เนื้อสัตว์และของปรุงแต่งที่ทำจากเนื้อสัตว์,3.8,3.9,3.9,11.6,47.22,2.46,2.46,197.93,0.00,0.00,0.00,0.01
  2.15 โกโก้และของปรุงแต่ง,19.1,13.7,13.7,21.3,-66.02,-28.29,-28.29,55.49,0.02,0.01,0.01,0.02
  2.16 ไอศกรีม,40.7,42.9,42.9,43.3,-6.69,5.38,5.38,0.98,0.03,0.03,0.03,0.03
  2.17 สินค้าอุตสาหกรรมการเกษตรอื่น ๆ,"1,138.5",657.6,657.6,693.9,-8.26,-42.23,-42.23,5.51,0.96,0.48,0.48,0.54
 3. สินค้าอุตสาหกรรม,"95,319.1","100,967.4","100,967.4","99,201.0",0.55,5.93,5.93,-1.75,80.62,74.32,74.32,77.90
  3.1 สิ่งทอ,"1,599.1","1,638.7","1,638.7","1,592.5",-0.08,2.48,2.48,-2.82,1.35,1.21,1.21,1.25
   3.1.1 เครื่องนุ่งห่ม,784.7,731.5,731.5,673.0,-9.30,-6.77,-6.77,-8.00,0.66,0.54,0.54,0.53
    (1) เสื้อผ้าสำเร็จรูป,524.8,484.2,484.2,438.5,-5.76,-7.74,-7.74,-9.43,0.44,0.36,0.36,0.34
     (1.1) เสื้อผ้าสำเร็จรูปทำจากฝ้าย,173.2,139.7,139.7,149.4,-8.08,-19.34,-19.34,6.91,0.15,0.10,0.10,0.12
     (1.2) เสื้อผ้าสำเร็จรูปทำจากใยประดิษฐ์,224.9,206.0,206.0,118.0,-13.36,-8.38,-8.38,-42.75,0.19,0.15,0.15,0.09
     (1.3) เสื้อผ้าสำเร็จรูปทำจากไหม(พันชิ้น),0.9,0.3,0.3,0.4,544.87,-66.74,-66.74,45.30,0.00,0.00,0.00,0.00
     (1.4) เสื้อผ้าสำเร็จรูปทำจากขนสัตว์,13.2,16.0,16.0,14.2,-0.36,20.72,20.72,-11.45,0.01,0.01,0.01,0.01
     (1.5) เสื้อผ้าสำเร็จรูปทำจากวัตถุทออื่น ๆ,107.5,118.8,118.8,153.3,17.97,10.48,10.48,29.03,0.09,0.09,0.09,0.12
     (1.6) เสื้อผ้าเด็กอ่อน,5.0,3.3,3.3,3.3,18.22,-33.65,-33.65,-0.43,0.00,0.00,0.00,0.00
    (2) เครื่องยกทรง รัดทรง และส่วนประกอบ,210.8,186.0,186.0,179.8,-15.37,-11.77,-11.77,-3.33,0.18,0.14,0.14,0.14
    (3) ถุงเท้าและถุงน่อง,45.1,60.1,60.1,53.8,-16.80,33.25,33.25,-10.45,0.04,0.04,0.04,0.04
    (4) ถุงมือผ้า,4.0,1.2,1.2,0.9,-19.28,-68.80,-68.80,-30.51,0.00,0.00,0.00,0.00
   3.1.2 ผ้าผืนและด้าย,385.5,331.1,331.1,297.4,17.26,-14.12,-14.12,-10.16,0.33,0.24,0.24,0.23
    (1) ผ้าผืน,137.5,128.4,128.4,161.8,-9.57,-6.58,-6.58,25.95,0.12,0.09,0.09,0.13
     (1.1) ผ้าผืนทำจากฝ้าย,3.0,4.7,4.7,2.3,-24.84,59.31,59.31,-51.98,0.00,0.00,0.00,0.00
     (1.2) ผ้าผืนทำจากเส้นใยประดิษฐ์,84.9,82.3,82.3,110.6,-29.54,-3.13,-3.13,34.47,0.07,0.06,0.06,0.09
     (1.3) ผ้าผืนทำจากไหม,0.8,0.9,0.9,1.0,34.10,1.11,1.11,22.12,0.00,0.00,0.00,0.00
     (1.4) ผ้าผืนทำจากวัตถุทออื่น ๆ,48.7,40.6,40.6,47.8,81.07,-16.73,-16.73,17.86,0.04,0.03,0.03,0.04
    (2) ด้ายและด้ายเส้นใยประดิษฐ์,248.0,202.6,202.6,135.7,40.33,-18.29,-18.29,-33.04,0.21,0.15,0.15,0.11
     (2.1) ด้ายฝ้าย,57.7,34.6,34.6,0.3,474.69,-40.12,-40.12,-99.15,0.05,0.03,0.03,0.00
     (2.2) ด้ายเส้นใยประดิษฐ์,190.3,168.1,168.1,135.4,14.15,-11.67,-11.67,-19.44,0.16,0.12,0.12,0.11
   3.1.3 เคหะสิ่งทอ,32.7,34.1,34.1,33.1,-5.55,4.17,4.17,-2.94,0.03,0.03,0.03,0.03
   3.1.4 เส้นใยประดิษฐ์,45.5,119.8,119.8,122.5,90.59,163.60,163.60,2.23,0.04,0.09,0.09,0.10
   3.1.5 ผ้าปักและผ้าลูกไม้,36.2,48.8,48.8,39.8,-35.14,34.77,34.77,-18.54,0.03,0.04,0.04,0.03
   3.1.6 ตาข่ายจับปลา,28.6,30.0,30.0,16.2,734.68,4.90,4.90,-45.96,0.02,0.02,0.02,0.01
   3.1.7 ผ้าคลุมไหล่ ผ้าพันคอ,0.8,3.7,3.7,4.8,37.02,361.99,361.99,29.71,0.00,0.00,0.00,0.00
   3.1.8 ผ้าแบบสำหรับตัดเสื้อและผ้าที่จัดทำแล้ว,116.6,123.1,123.1,111.3,-6.22,5.53,5.53,-9.55,0.10,0.09,0.09,0.09
   3.1.9 สิ่งทออื่นๆ,168.6,216.6,216.6,294.3,2.88,28.50,28.50,35.88,0.14,0.16,0.16,0.23
  3.2 อัญมณีและเครื่องประดับ,842.5,885.0,885.0,"1,233.3",-38.00,5.05,5.05,39.35,0.71,0.65,0.65,0.97
   3.2.1 อัญมณี,126.0,254.8,254.8,149.2,8.80,102.12,102.12,-41.43,0.11,0.19,0.19,0.12
    (1) เพชร(พันกะรัต),7.1,1.5,1.5,0.0,915.33,-78.44,-78.44,-99.99,0.01,0.00,0.00,0.00
    (2) พลอย,119.0,253.1,253.1,149.2,3.36,112.75,112.75,-41.06,0.10,0.19,0.19,0.12
    (3) ไข่มุก(กิโลกรัม),0.0,0.1,0.1,,-93.46,"4,676.19","4,676.19",,0.00,0.00,0.00,
   3.2.2 เครื่องประดับแท้,615.7,574.9,574.9,482.2,-31.48,-6.63,-6.63,-16.12,0.52,0.42,0.42,0.38
    (1) เครื่องประดับแท้ทำด้วยเงิน,545.7,435.9,435.9,361.2,-26.60,-20.12,-20.12,-17.14,0.46,0.32,0.32,0.28
    (2) เครื่องประดับแท้ทำด้วยทอง(กิโลกรัม),48.8,129.8,129.8,112.3,-56.95,165.90,165.90,-13.54,0.04,0.10,0.10,0.09
    (3) เครื่องประดับแท้ทำด้วยโลหะมีค่าอื่น ๆ,21.2,9.2,9.2,8.8,-49.17,-56.82,-56.82,-4.29,0.02,0.01,0.01,0.01
   3.2.3 เครื่องประดับอัญมณีเทียม,49.5,9.3,9.3,13.7,123.32,-81.13,-81.13,46.34,0.04,0.01,0.01,0.01
   3.2.4 อัญมณีสังเคราะห์,8.6,4.1,4.1,3.8,-42.39,-52.14,-52.14,-6.49,0.01,0.00,0.00,0.00
   3.2.5 ทองคำยังไม่ได้ขึ้นรูป,,10.2,10.2,345.7,,,,"3,272.73",,0.01,0.01,0.27
   3.2.6 โลหะมีค่าและของที่หุ้มด้วยโลหะมีค่าอื่น ๆ,42.6,31.7,31.7,238.6,14.70,-25.61,-25.61,653.43,0.04,0.02,0.02,0.19
  3.3 เครื่องใช้ไฟฟ้า,"14,089.1","14,799.5","14,799.5","16,060.0",2.62,5.04,5.04,8.52,11.92,10.89,10.89,12.61
   3.3.1 เครื่องวิดีโอ เครื่องเสียง อุปกรณ์และส่วนประกอบ,32.6,36.0,36.0,71.4,-67.39,10.32,10.32,98.52,0.03,0.03,0.03,0.06
    (1) เครื่องวิดีโอ,3.6,1.1,1.1,0.3,-60.42,-69.87,-69.87,-72.79,0.00,0.00,0.00,0.00
    (2) เครื่องเสียง,,0.1,0.1,0.6,,,,383.85,,0.00,0.00,0.00
    (3) ส่วนประกอบและอุปกรณ์ประกอบ สำหรับเครื่องวิดีโอ เครื่องเสียง(เมตริกตัน),18.2,28.0,28.0,60.9,-58.71,53.68,53.68,117.27,0.02,0.02,0.02,0.05
    (4) เทปแม่เหล็กสำหรับวิดีโอและเครื่องเสียง(พันตลับ),10.8,6.7,6.7,9.6,-76.96,-37.54,-37.54,42.64,0.01,0.00,0.00,0.01
   3.3.2 เครื่องรับวิทยุ โทรทัศน์ และส่วนประกอบ,434.5,502.3,502.3,815.0,13.00,15.60,15.60,62.26,0.37,0.37,0.37,0.64
    (1) เครื่องรับวิทยุ,197.4,240.5,240.5,459.9,-22.81,21.84,21.84,91.20,0.17,0.18,0.18,0.36
    (2) เครื่องรับโทรทัศน์,150.6,106.9,106.9,143.5,72.19,-29.01,-29.01,34.31,0.13,0.08,0.08,0.11
    (3) ส่วนประกอบเครื่องรับวิทยุ โทรทัศน์,86.5,154.9,154.9,211.6,109.43,79.00,79.00,36.60,0.07,0.11,0.11,0.17
   3.3.3 หลอดภาพโทรทัศน์สี(พันหลอด),0.1,,,,"39,500.00",,,,0.00,,,
   3.3.4 ลำโพงขยายเสียงและส่วนประกอบ,8.2,22.5,22.5,22.0,-9.64,175.74,175.74,-2.24,0.01,0.02,0.02,0.02
    (1) ลำโพงขยายเสียง,7.2,21.5,21.5,21.8,-10.52,200.17,200.17,1.15,0.01,0.02,0.02,0.02
    (2) ส่วนประกอบของลำโพงขยายเสียง,1.0,1.0,1.0,0.2,-2.79,0.15,0.15,-75.36,0.00,0.00,0.00,0.00
   3.3.5 เตาอบไมโครเวฟและเครื่องใช้ไฟฟ้าที่ให้ความร้อน,335.5,292.3,292.3,347.5,4.29,-12.88,-12.88,18.89,0.28,0.22,0.22,0.27
    (1) เตาอบไมโครเวฟ(พันเครื่อง),23.2,5.6,5.6,14.5,276.95,-75.86,-75.86,158.33,0.02,0.00,0.00,0.01
    (2) เครื่องใช้ไฟฟ้าที่ให้ความร้อนและส่วนประกอบ,312.3,286.7,286.7,333.1,-1.02,-8.20,-8.20,16.17,0.26,0.21,0.21,0.26
     (2.1) เตาอบอื่น ๆ รวมเตาที่มีหม้อหุงต้ม และเตาย่าง,15.4,19.5,19.5,58.6,-83.81,26.64,26.64,200.45,0.01,0.01,0.01,0.05
     (2.2) เครื่องอุปกรณ์แต่งผมและเป่าผม(พันเครื่อง),241.3,215.9,215.9,220.7,59.89,-10.52,-10.52,2.21,0.20,0.16,0.16,0.17
     (2.3) เครื่องทำน้ำร้อน,1.4,0.0,0.0,0.0,132.99,-98.94,-98.94,88.97,0.00,0.00,0.00,0.00
     (2.4) เครื่องใช้ไฟฟ้าที่ให้ความร้อนอื่น ๆ และส่วนประกอบ,54.3,51.3,51.3,53.8,-21.21,-5.51,-5.51,4.79,0.05,0.04,0.04,0.04
   3.3.6 พัดลม,32.1,58.4,58.4,70.3,7.80,82.34,82.34,20.35,0.03,0.04,0.04,0.06
   3.3.7 ตู้เย็น ตู้แช่แข็งและส่วนประกอบ,774.5,685.9,685.9,559.5,13.73,-11.44,-11.44,-18.44,0.66,0.50,0.50,0.44
    (1) ตู้เย็นใช้ในบ้านเรือน,568.9,618.4,618.4,463.7,-2.99,8.71,8.71,-25.02,0.48,0.46,0.46,0.36
    (2) ตู้แช่แข็งและเคาน์เตอร์ตู้โชว์,109.9,41.1,41.1,59.0,110.70,-62.57,-62.57,43.49,0.09,0.03,0.03,0.05
    (3) ส่วนประกอบอุปกรณ์ตู้เย็น ตู้แช่แข็ง,95.8,26.4,26.4,36.7,125.56,-72.43,-72.43,39.12,0.08,0.02,0.02,0.03
     (3.1) อีแวโพเรเตอร์,0.5,,,3.1,"2,838.32",,,,0.00,,,0.00
     (3.2) คอนเดนเซอร์,95.3,,,,124.49,,,,0.08,,,
     (3.3) ส่วนประกอบอุปกรณ์ตู้เย็น ตู้แช่แข็ง อื่นๆ,,26.4,26.4,33.6,,,,27.41,,0.02,0.02,0.03
   3.3.8 เครื่องปรับอากาศและส่วนประกอบ,"5,977.1","6,779.2","6,779.2","7,838.5",-5.29,13.42,13.42,15.62,5.06,4.99,4.99,6.16
    (1) แบบติดหน้าต่างหรือฝาผนัง,"5,443.5","6,211.5","6,211.5","7,211.7",-3.57,14.11,14.11,16.10,4.60,4.57,4.57,5.66
    (2) แบบเปลี่ยนวงจรความเย็นหรือวงจรความร้อน,115.2,231.5,231.5,303.2,-3.13,100.94,100.94,30.96,0.10,0.17,0.17,0.24
    (3) แบบขับด้วยมอเตอร์ใช้เปลี่ยนอุณหภูมิและความร้อน,86.9,40.4,40.4,1.1,-25.55,-53.54,-53.54,-97.32,0.07,0.03,0.03,0.00
    (4) แบบแยกหน่วยทำความเย็น,174.6,33.1,33.1,2.6,-29.87,-81.05,-81.05,-92.10,0.15,0.02,0.02,0.00
    (5) ส่วนประกอบของเครื่องปรับอากาศ,156.9,262.7,262.7,319.9,-13.49,67.47,67.47,21.73,0.13,0.19,0.19,0.25
   3.3.9 เครื่องคอมเพรสเซอร์ของเครื่องทำความเย็น,522.7,402.9,402.9,385.7,7.00,-22.91,-22.91,-4.28,0.44,0.30,0.30,0.30
   3.3.10 สายไฟฟ้า สายเคเบิ้ล,244.2,428.8,428.8,476.5,20.56,75.60,75.60,11.13,0.21,0.32,0.32,0.37
   3.3.11 หลอดไฟฟ้า,43.8,44.3,44.3,27.2,0.57,1.07,1.07,-38.71,0.04,0.03,0.03,0.02
   3.3.12 เครื่องตัดต่อและป้องกันวงจรไฟฟ้า,448.6,494.8,494.8,499.1,-24.47,10.30,10.30,0.87,0.38,0.36,0.36,0.39
   3.3.13 เครื่องพักกระแสไฟฟ้า,"1,720.5","1,820.3","1,820.3","1,815.0",-3.10,5.80,5.80,-0.29,1.46,1.34,1.34,1.43
   3.3.14 เครื่องซักผ้าและเครื่องซักแห้งและส่วนประกอบ,675.1,664.8,664.8,788.9,-0.20,-1.53,-1.53,18.68,0.57,0.49,0.49,0.62
   3.3.15 เครื่องอุปกรณ์ไฟฟ้าสำหรับให้สัญญาณเสียง และส่วนประกอบ,114.2,58.3,58.3,59.6,-25.82,-48.95,-48.95,2.22,0.10,0.04,0.04,0.05
   3.3.16 หม้อแบตเตอรี่และส่วนประกอบ,161.3,187.2,187.2,167.8,8.39,16.04,16.04,-10.38,0.14,0.14,0.14,0.13
   3.3.17 แผงสวิทซ์และแผงควบคุมกระแสไฟฟ้า,"1,217.8","1,303.8","1,303.8","1,268.7",5.44,7.07,7.07,-2.69,1.03,0.96,0.96,1.00
   3.3.18 ส่วนประกอบที่ใช้กับมอเตอร์ไฟฟ้า และเครื่องกำเนิดไฟฟ้า,1.4,2.1,2.1,3.6,-16.54,47.23,47.23,73.09,0.00,0.00,0.00,0.00
   3.3.19 เครื่องใช้ไฟฟ้าและส่วนประกอบอื่น ๆ,"1,344.8","1,015.4","1,015.4",843.6,106.33,-24.50,-24.50,-16.92,1.14,0.75,0.75,0.66
  3.4 เครื่องอิเล็กทรอนิกส์,"27,248.2","28,845.0","28,845.0","25,343.1",4.84,5.86,5.86,-12.14,23.05,21.23,21.23,19.90
   3.4.1 เครื่องคอมพิวเตอร์ อุปกรณ์และส่วนประกอบ,"7,014.3","5,664.1","5,664.1","4,553.8",-2.25,-19.25,-19.25,-19.60,5.93,4.17,4.17,3.58
    (1) เครื่องคอมพิวเตอร์และอุปกรณ์,"6,710.9","5,568.5","5,568.5","4,385.1",-3.02,-17.02,-17.02,-21.25,5.68,4.10,4.10,3.44
     (1.1) ฮาร์ด ดิสก์ ไดรฟ์,"4,170.3","4,112.7","4,112.7","3,782.0",27.79,-1.38,-1.38,-8.04,3.53,3.03,3.03,2.97
     (1.2) เครื่องคอมพิวเตอร์และอุปกรณ์ อื่นๆ,,"1,455.7","1,455.7",603.1,,,,-58.57,,1.07,1.07,0.47
    (2) ส่วนประกอบคอมพิวเตอร์,283.3,59.4,59.4,63.8,31.94,-79.04,-79.04,7.40,0.24,0.04,0.04,0.05
    (3) สายไฟคอมพิวเตอร์,,,,,,,,,,,,
    (4) เทปแม่เหล็กและจานแม่แหล็กสำหรับคอมพิวเตอร์(พันชิ้น),20.1,36.3,36.3,104.9,-50.86,80.02,80.02,189.46,0.02,0.03,0.03,0.08
   3.4.2 เครื่องคำนวณอิเล็กทรอนิกส์(พันเครื่อง),0.2,0.0,0.0,0.1,"8,633.33",-84.19,-84.19,339.31,0.00,0.00,0.00,0.00
   3.4.3 แผงวงจรไฟฟ้า,"16,516.7","19,257.6","19,257.6","16,366.4",8.97,16.60,16.60,-15.01,13.97,14.18,14.18,12.85
   3.4.4 วงจรพิมพ์,184.5,148.1,148.1,147.8,-27.73,-19.71,-19.71,-0.18,0.16,0.11,0.11,0.12
   3.4.5 ตลับลูกปืน,70.7,129.8,129.8,193.6,2.90,83.75,83.75,49.09,0.06,0.10,0.10,0.15
   3.4.6 มอเตอร์และเครื่องกำเนิดไฟฟ้า,740.0,524.6,524.6,552.4,46.82,-29.11,-29.11,5.30,0.63,0.39,0.39,0.43
   3.4.7 เครื่องโทรสาร โทรศัพท์ อุปกรณ์และส่วนประกอบ,555.5,"1,191.4","1,191.4","1,425.9",84.54,114.49,114.49,19.68,0.47,0.88,0.88,1.12
    (1) เครื่องโทรสาร,3.8,,,,-2.15,,,,0.00,,,
    (2) เครื่องโทรศัพท์และอุปกรณ์,551.7,"1,191.4","1,191.4","1,425.9",85.66,115.95,115.95,19.68,0.47,0.88,0.88,1.12
     (2.1) เครื่องรับโทรศัพท์และอุปกรณ์,484.5,"1,138.2","1,138.2","1,314.5",257.41,134.95,134.95,15.49,0.41,0.84,0.84,1.03
     (2.2) เครื่องตอบรับโทรศัพท์,0.0,,,,,,,,0.00,,,
    (3) ส่วนประกอบเครื่องโทรสาร และโทรศัพท์ ,67.2,53.2,53.2,111.3,-58.40,-20.92,-20.92,109.43,0.06,0.04,0.04,0.09
   3.4.8 เครื่องส่งวิทยุ โทรเลข โทรศัพท์ โทรทัศน์,14.3,26.2,26.2,19.5,"5,449.09",83.68,83.68,-25.66,0.01,0.02,0.02,0.02
   3.4.9 อุปกรณ์กึ่งตัวนำ ทรานซิสเตอร์ และไดโอด,"1,128.9","1,405.7","1,405.7","1,379.7",-25.36,24.53,24.53,-1.85,0.95,1.03,1.03,1.08
    (1) อุปกรณ์กึ่งตัวนำ(พันชิ้น),165.3,221.5,221.5,237.6,-60.72,34.01,34.01,7.27,0.14,0.16,0.16,0.19
    (2) ทรานซิสเตอร์(พันชิ้น),380.8,498.7,498.7,541.2,-25.77,30.95,30.95,8.53,0.32,0.37,0.37,0.42
    (3) ไดโอด,104.5,130.8,130.8,125.8,-13.12,25.24,25.24,-3.85,0.09,0.10,0.10,0.10
    (4) อุปกรณ์กึ่งตัวนำ ทรานซิสเตอร์ และไดโอด อื่น ๆ,478.3,554.7,554.7,475.1,4.33,15.98,15.98,-14.35,0.40,0.41,0.41,0.37
   3.4.10 หม้อแปลงไฟฟ้าและส่วนประกอบ,"1,023.4",497.4,497.4,703.9,0.82,-51.39,-51.39,41.51,0.87,0.37,0.37,0.55
  3.5 เฟอร์นิเจอร์และชิ้นส่วน,469.3,639.6,639.6,679.0,36.56,36.30,36.30,6.16,0.40,0.47,0.47,0.53
   3.5.1 เฟอร์นิเจอร์ไม้(พันชิ้น),127.3,60.7,60.7,67.1,55.14,-52.36,-52.36,10.57,0.11,0.04,0.04,0.05
   3.5.2 เฟอร์นิเจอร์โลหะ,8.5,15.7,15.7,29.1,-30.92,84.54,84.54,85.13,0.01,0.01,0.01,0.02
   3.5.3 ที่นอนหมอนฟูก,96.4,108.8,108.8,90.1,11.34,12.86,12.86,-17.12,0.08,0.08,0.08,0.07
   3.5.4 เฟอร์นิเจอร์อื่น ๆ,74.9,87.7,87.7,104.4,-36.38,17.07,17.07,19.01,0.06,0.06,0.06,0.08
   3.5.5 ชิ้นส่วนเฟอร์นิเจอร์,162.2,366.8,366.8,388.3,260.73,126.17,126.17,5.87,0.14,0.27,0.27,0.30
  3.6 ไม้และผลิตภัณฑ์ไม้,"1,273.5","1,161.8","1,161.8","1,113.8",-26.98,-8.77,-8.77,-4.13,1.08,0.86,0.86,0.87
   3.6.1 ไม้แปรรูป(ลบ.เมตร),25.9,20.5,20.5,19.7,6.64,-20.95,-20.95,-3.49,0.02,0.02,0.02,0.02
   3.6.2 แผ่นไม้วีเนียร์,0.1,0.0,0.0,0.5,0.21,-97.10,-97.10,"11,607.32",0.00,0.00,0.00,0.00
   3.6.3 ไม้อัด,480.1,582.0,582.0,541.1,-9.66,21.23,21.23,-7.03,0.41,0.43,0.43,0.42
   3.6.4 ไฟเบอร์บอร์ด,487.2,516.9,516.9,431.7,-5.68,6.10,6.10,-16.48,0.41,0.38,0.38,0.34
   3.6.5 เครื่องใช้ทำด้วยไม้,12.6,9.4,9.4,5.4,37.82,-25.30,-25.30,-42.52,0.01,0.01,0.01,0.00
   3.6.6 อุปกรณ์ก่อสร้างทำด้วยไม้,25.9,3.4,3.4,2.9,739.33,-86.75,-86.75,-15.13,0.02,0.00,0.00,0.00
   3.6.7 กรอบรูปไม้,1.3,0.3,0.3,0.1,79.75,-77.72,-77.72,-71.36,0.00,0.00,0.00,0.00
   3.6.8 รูปแกะสลัก และเครื่องประดับทำด้วยไม้,16.5,13.1,13.1,6.2,13.87,-20.92,-20.92,-52.61,0.01,0.01,0.01,0.00
   3.6.9 ไม้และผลิตภัณฑ์ไม้อื่น ๆ,224.0,16.2,16.2,106.1,-65.24,-92.77,-92.77,554.97,0.19,0.01,0.01,0.08
  3.7 เหล็ก เหล็กกล้าและผลิตภัณฑ์,"3,661.2","4,383.4","4,383.4","5,415.2",0.12,19.73,19.73,23.54,3.10,3.23,3.23,4.25
   3.7.1 เหล็กและเหล็กกล้า,"1,853.1","2,490.3","2,490.3","3,295.9",-7.50,34.39,34.39,32.35,1.57,1.83,1.83,2.59
    (1) ผลิตภัณฑ์แผ่นรีด,86.6,194.0,194.0,363.1,-8.77,124.04,124.04,87.21,0.07,0.14,0.14,0.29
    (2) มุม รูปทรงและหน้าตัด,7.1,,,,-19.56,,,,0.01,,,
    (3) เหล็กและเหล็กกล้าอื่น ๆ,"1,759.4","2,296.4","2,296.4","2,932.8",-7.38,30.52,30.52,27.72,1.49,1.69,1.69,2.30
   3.7.2 ผลิตภัณฑ์เหล็กและเหล็กกล้า,"1,808.1","1,893.1","1,893.1","2,119.3",9.36,4.70,4.70,11.95,1.53,1.39,1.39,1.66
    (1) ท่อเหล็ก,544.6,421.4,421.4,556.5,-14.49,-22.61,-22.61,32.05,0.46,0.31,0.31,0.44
    (2) ข้อต่อท่อเหล็ก,59.3,49.3,49.3,61.3,-31.40,-16.74,-16.74,24.30,0.05,0.04,0.04,0.05
    (3) โครงก่อสร้างทำด้วยเหล็ก,11.4,8.2,8.2,60.5,152.56,-27.75,-27.75,635.03,0.01,0.01,0.01,0.05
    (4) ตะปู ตะปูควงสลักเกลียว,50.6,46.3,46.3,62.3,-22.58,-8.48,-8.48,34.37,0.04,0.03,0.03,0.05
    (5) ลวดเกลียว ลวดเคเบิ้ล ลวดสลิง,257.3,301.7,301.7,329.7,-1.77,17.26,17.26,9.28,0.22,0.22,0.22,0.26
    (6) ผลิตภัณฑ์เหล็กและเหล็กกล้าอื่นๆ,884.9,"1,066.0","1,066.0","1,049.0",47.91,20.47,20.47,-1.60,0.75,0.78,0.78,0.82
  3.8 ผลิตภัณฑ์อลูมิเนียม,494.9,722.9,722.9,578.4,57.47,46.08,46.08,-19.99,0.42,0.53,0.53,0.45
   3.8.1 โครงก่อสร้างและส่วนประกอบ,31.9,22.1,22.1,7.9,-6.54,-30.78,-30.78,-64.26,0.03,0.02,0.02,0.01
   3.8.2 ผลิตภัณฑ์อลูมิเนียมที่ใช้ในอุตสาหกรรม,416.4,666.3,666.3,553.0,69.12,60.02,60.02,-17.00,0.35,0.49,0.49,0.43
   3.8.3 ของอื่นๆที่ทำด้วยอลูมิเนียม,46.6,34.5,34.5,17.5,37.36,-25.89,-25.89,-49.35,0.04,0.03,0.03,0.01
  3.9 ก๊อก วาวล์และส่วนประกอบ,190.7,152.6,152.6,241.2,11.98,-19.98,-19.98,58.02,0.16,0.11,0.11,0.19
  3.10 เม็ดพลาสติก,"4,505.6","4,660.4","4,660.4","4,012.4",-6.64,3.44,3.44,-13.91,3.81,3.43,3.43,3.15
   3.10.1 เอทิลีน,"1,267.5","1,331.5","1,331.5","1,120.6",-7.44,5.05,5.05,-15.84,1.07,0.98,0.98,0.88
   3.10.2 โพรพิลีน,121.5,118.9,118.9,128.7,-25.27,-2.08,-2.08,8.22,0.10,0.09,0.09,0.10
   3.10.3 สไตรีน,25.4,27.0,27.0,23.4,-9.65,6.21,6.21,-13.23,0.02,0.02,0.02,0.02
   3.10.4 ไวนิลคลอไรด์,72.8,105.3,105.3,56.5,-6.55,44.51,44.51,-46.30,0.06,0.08,0.08,0.04
   3.10.5 อะคริลิกโพลิเมอร์,76.7,71.9,71.9,68.2,13.44,-6.32,-6.32,-5.14,0.06,0.05,0.05,0.05
   3.10.6 โพลิอะซิทัล,"2,119.0","2,144.1","2,144.1","1,653.8",-9.30,1.18,1.18,-22.87,1.79,1.58,1.58,1.30
   3.10.7 โพลิอะไมด์,104.8,128.1,128.1,141.5,-18.37,22.20,22.20,10.46,0.09,0.09,0.09,0.11
   3.10.8 อะมิโนเรซิน,76.5,102.2,102.2,95.2,-14.98,33.67,33.67,-6.84,0.06,0.08,0.08,0.07
   3.10.9 เม็ดพลาสติกอื่นๆ,641.4,631.5,631.5,724.5,13.33,-1.54,-1.54,14.72,0.54,0.46,0.46,0.57
  3.11 ผลิตภัณฑ์พลาสติก,"1,430.2","1,437.9","1,437.9","1,428.3",13.45,0.54,0.54,-0.66,1.21,1.06,1.06,1.12
   3.11.1 ถุงและกระสอบพลาสติก,26.0,24.0,24.0,24.8,1.59,-7.69,-7.69,3.45,0.02,0.02,0.02,0.02
   3.11.2 แผ่นฟิล์ม ฟอยล์และแถบ,741.4,661.3,661.3,551.1,15.93,-10.81,-10.81,-16.66,0.63,0.49,0.49,0.43
   3.11.3 เครื่องใช้สำนักงานทำด้วยพลาสติก,0.4,0.8,0.8,1.4,-9.37,95.44,95.44,78.09,0.00,0.00,0.00,0.00
   3.11.4 เครื่องแต่งกายและของที่ใช้ประกอบกับเครื่องแต่งกาย,0.0,0.3,0.3,0.5,-98.21,"3,990.48","3,990.48",102.33,0.00,0.00,0.00,0.00
   3.11.5 กล่องหีบที่ทำด้วยพลาสติก,48.0,37.7,37.7,36.1,28.07,-21.36,-21.36,-4.30,0.04,0.03,0.03,0.03
   3.11.6 หลอดและท่อพลาสติก,19.9,25.2,25.2,37.1,18.97,27.02,27.02,46.91,0.02,0.02,0.02,0.03
   3.11.7 พลาสติกปูพื้นและผนัง,0.2,1.3,1.3,1.5,-52.12,502.23,502.23,15.84,0.00,0.00,0.00,0.00
   3.11.8 ผลิตภัณฑ์พลาสติกอื่นๆ,594.3,687.2,687.2,775.8,10.03,15.64,15.64,12.88,0.50,0.51,0.51,0.61
  3.12 เคมีภัณฑ์,"6,581.0","8,610.2","8,610.2","8,079.1",1.30,30.84,30.84,-6.17,5.57,6.34,6.34,6.34
   3.12.1 เคมีภัณฑ์อนินทรีย์,470.8,430.3,430.3,409.2,14.61,-8.61,-8.61,-4.90,0.40,0.32,0.32,0.32
    (1) คาร์บอน,49.1,76.9,76.9,26.9,21.42,56.49,56.49,-65.08,0.04,0.06,0.06,0.02
    (2) กรดอนินทรีย์อื่นๆ,29.4,5.4,5.4,5.2,160.13,-81.78,-81.78,-2.88,0.02,0.00,0.00,0.00
    (3) เคมีภัณฑ์อนินทรีย์อื่นๆ,392.3,348.1,348.1,377.2,9.25,-11.27,-11.27,8.36,0.33,0.26,0.26,0.30
   3.12.2 เคมีภัณฑ์อินทรีย์,"4,923.3","7,174.7","7,174.7","6,699.4",-4.69,45.73,45.73,-6.62,4.16,5.28,5.28,5.26
    (1) อะไซคลิกไฮโดรคาร์บอน,830.6,"2,987.2","2,987.2","2,799.4",-21.95,259.65,259.65,-6.28,0.70,2.20,2.20,2.20
    (2) ไซคลิกไฮโดรคาร์บอน,578.7,294.1,294.1,322.2,79.62,-49.17,-49.17,9.54,0.49,0.22,0.22,0.25
    (3) กรดเทเรฟทาลิก,,20.7,20.7,,,,,,,0.02,0.02,
    (4) กรดกลูตามิกและโมโนโซเดียมกลูตาเมต,296.2,191.9,191.9,218.8,13.58,-35.20,-35.20,14.00,0.25,0.14,0.14,0.17
    (5) สารประกอบเฮดเทอโรไซคลิก,2.6,146.3,146.3,187.3,-94.68,"5,517.87","5,517.87",28.02,0.00,0.11,0.11,0.15
    (6) ไลซีนและเอสเทอร์ของไลซีน,29.8,34.8,34.8,32.6,19.48,16.72,16.72,-6.27,0.03,0.03,0.03,0.03
    (7) ปฏิชีวนะ,31.1,21.3,21.3,20.2,59.25,-31.56,-31.56,-5.21,0.03,0.02,0.02,0.02
    (8) เคมีภัณฑ์อินทรีย์อื่นๆ,"3,154.3","3,478.4","3,478.4","3,118.9",-7.90,10.27,10.27,-10.33,2.67,2.56,2.56,2.45
   3.12.3 ปุ๋ย,0.0,1.0,1.0,1.0,-99.96,"144,971.43","144,971.43",-0.42,0.00,0.00,0.00,0.00
    (1) ปุ๋ยเคมีที่มีธาตุไนโตรเเจน ฟอสฟอรัสและโปรตัสเซียม สองหรือสามชนิดผสมกัน ,,0.2,0.2,0.5,,,,117.60,,0.00,0.00,0.00
    (2) ปุ๋ยเคมีที่มีธาตุไนโตรเจน,,,,,,,,,,,,
    (3) ปุ๋ยอื่นๆ,0.0,0.8,0.8,0.5,-99.75,"110,071.43","110,071.43",-37.81,0.00,0.00,0.00,0.00
   3.12.4 สีทาและวาร์นิช และวัตถุแต่งสีอื่นๆ,292.1,204.9,204.9,189.4,1.30,-29.87,-29.87,-7.56,0.25,0.15,0.15,0.15
    (1) สีทาและวาร์นิช,83.9,91.9,91.9,95.7,10.42,9.56,9.56,4.12,0.07,0.07,0.07,0.08
    (2) หมึกพิมพ์ หมึกเขียนหรือหมึกวาดภาพ,4.3,1.6,1.6,10.2,-15.06,-62.25,-62.25,532.32,0.00,0.00,0.00,0.01
    (3) สีสำหรับงานวาด,7.5,7.5,7.5,4.9,246.21,-0.26,-0.26,-33.92,0.01,0.01,0.01,0.00
    (4) สารสีและวัตถุแต่งสีอื่นๆ,196.5,103.9,103.9,78.5,-4.25,-47.13,-47.13,-24.40,0.17,0.08,0.08,0.06
   3.12.5 สารสกัดใช้ในการฟอกหนังและย้อมสี,89.9,122.4,122.4,164.0,-20.03,36.14,36.14,33.92,0.08,0.09,0.09,0.13
   3.12.6 สารแอลบูมินอยด์,53.8,39.8,39.8,43.5,36.33,-25.99,-25.99,9.26,0.05,0.03,0.03,0.03
    (1) กาวปรุงแต่งและสารยึดติดอื่นๆ,3.2,5.4,5.4,1.1,32.70,67.73,67.73,-79.61,0.00,0.00,0.00,0.00
    (2) สารแอลบูมินอยด์อื่นๆ,50.6,34.4,34.4,42.4,36.57,-31.98,-31.98,23.27,0.04,0.03,0.03,0.03
   3.12.7 เคมีภัณฑ์เบ็ดเตล็ด,751.0,637.1,637.1,572.6,57.05,-15.17,-15.17,-10.12,0.64,0.47,0.47,0.45
    (1) สารฆ่าแมลง,108.8,113.5,113.5,98.5,-2.16,4.31,4.31,-13.20,0.09,0.08,0.08,0.08
    (2) สารที่ใช้เป็นตัวเร่งสำหรับยางและพลาสติก,32.5,12.7,12.7,6.2,716.46,-60.98,-60.98,-51.37,0.03,0.01,0.01,0.00
    (3) เคมีภัณฑ์เบ็ดเตล็ดอื่นๆ,609.7,510.9,510.9,467.9,67.96,-16.20,-16.20,-8.42,0.52,0.38,0.38,0.37
  3.13 ดอกไม้ ใบไม้ และต้นไม้ประดิษฐ์,0.9,0.2,0.2,0.7,76.36,-71.95,-71.95,172.31,0.00,0.00,0.00,0.00
  3.14 รองเท้าและชิ้นส่วน,125.8,119.1,119.1,96.6,21.04,-5.37,-5.37,-18.88,0.11,0.09,0.09,0.08
   3.14.1 รองเท้ากีฬา(พันคู่),1.5,2.6,2.6,2.1,-52.96,77.86,77.86,-20.64,0.00,0.00,0.00,0.00
   3.14.2 รองเท้าแตะ,5.0,4.1,4.1,1.9,2.17,-17.22,-17.22,-55.06,0.00,0.00,0.00,0.00
   3.14.3 รองเท้าหนัง(พันคู่),63.2,66.4,66.4,64.4,15.23,5.01,5.01,-2.92,0.05,0.05,0.05,0.05
   3.14.4 รองเท้าอื่นๆ(พันคู่),54.7,45.5,45.5,27.7,38.15,-16.91,-16.91,-39.11,0.05,0.03,0.03,0.02
   3.14.5 ส่วนประกอบของรองเท้า,1.4,0.5,0.5,0.5,-2.62,-67.84,-67.84,13.00,0.00,0.00,0.00,0.00
  3.15 เครื่องใช้สำหรับเดินทาง,132.6,111.4,111.4,112.8,-9.21,-15.99,-15.99,1.23,0.11,0.08,0.08,0.09
   3.15.1 กระเป๋าเดินทาง(พันชิ้น),72.3,51.5,51.5,14.1,-7.02,-28.84,-28.84,-72.61,0.06,0.04,0.04,0.01
   3.15.2 กระเป๋าถือ(พันชิ้น),22.3,23.9,23.9,64.1,-24.50,7.25,7.25,168.03,0.02,0.02,0.02,0.05
   3.15.3 กระเป๋าใส่เศษสตางค์,6.9,5.2,5.2,5.4,8.51,-24.68,-24.68,3.79,0.01,0.00,0.00,0.00
   3.15.4 เครื่องเดินทางอื่น ๆ,31.0,30.8,30.8,29.2,-4.04,-0.77,-0.77,-5.19,0.03,0.02,0.02,0.02
  3.16 หนังและผลิตภัณฑ์หนังฟอกและหนังอัด,612.8,615.1,615.1,909.9,6.46,0.37,0.37,47.94,0.52,0.45,0.45,0.71
   3.16.1 หนังโคกระบือฟอก,111.2,82.1,82.1,492.3,242.58,-26.22,-26.22,499.92,0.09,0.06,0.06,0.39
   3.16.2 ของเล่นสำหรับสัตว์เลี้ยง,,0.1,0.1,0.2,,,,87.27,,0.00,0.00,0.00
   3.16.3 ถุงมือหนัง(พันคู่),3.9,3.9,3.9,3.0,177.59,-0.41,-0.41,-24.30,0.00,0.00,0.00,0.00
   3.16.4 เครื่องแต่งกายและเข็มขัด,0.5,0.7,0.7,3.3,-68.87,57.20,57.20,352.04,0.00,0.00,0.00,0.00
   3.16.5 หนังและผลิตภัณฑ์หนังอื่น ๆ,497.1,528.2,528.2,411.1,-7.86,6.26,6.26,-22.17,0.42,0.39,0.39,0.32
  3.17 ผลิตภัณฑ์ยาง,"2,764.3","3,040.9","3,040.9","2,810.0",-15.57,10.01,10.01,-7.60,2.34,2.24,2.24,2.21
   (1)  ยางยานพาหนะ,"1,649.9","1,622.3","1,622.3","1,372.4",-23.06,-1.68,-1.68,-15.40,1.40,1.19,1.19,1.08
   (2)  ยางรัดของ,1.4,0.1,0.1,0.6,89.38,-93.65,-93.65,612.97,0.00,0.00,0.00,0.00
   (3)  ถุงมือยาง(พันคู่),291.7,293.5,293.5,291.4,0.33,0.62,0.62,-0.71,0.25,0.22,0.22,0.23
   (4)  หลอดและท่อ,110.5,115.9,115.9,120.5,-17.70,4.90,4.90,3.90,0.09,0.09,0.09,0.09
   (5)  สายพานลำเลียงและส่งกำลัง,106.8,90.1,90.1,101.2,9.00,-15.65,-15.65,12.25,0.09,0.07,0.07,0.08
   (6)  ผลิตภัณฑ์ยางที่ใช้ทางเภสัชกรรม,59.4,67.9,67.9,63.8,-11.30,14.29,14.29,-6.13,0.05,0.05,0.05,0.05
   (7)  ยางวัลแคไนซ์  ,187.6,148.1,148.1,141.1,-5.38,-21.05,-21.05,-4.71,0.16,0.11,0.11,0.11
   (8) ยางผสม(คอมพาวนด์),3.5,1.4,1.4,1.0,9.30,-58.93,-58.93,-32.73,0.00,0.00,0.00,0.00
   (9) ผลิตภัณฑ์ยางอื่น ๆ,353.3,701.5,701.5,718.1,4.74,98.55,98.55,2.36,0.30,0.52,0.52,0.56
  3.18 ผลิตภัณฑ์ปอ,0.0,0.0,0.0,0.7,-99.79,"4,533.33","4,533.33","1,603.36",0.00,0.00,0.00,0.00
   (1)  กระสอบ,0.0,0.0,0.0,0.7,-99.79,"4,533.33","4,533.33","1,603.36",0.00,0.00,0.00,0.00
   (2)  ด้ายและเชือก,,,,,,,,,,,,
   (3)  ผ้าผืนกระสอบ,,,,,,,,,,,,
  3.19 ผลิตภัณฑ์เซรามิก,407.2,544.1,544.1,469.4,56.19,33.62,33.62,-13.74,0.34,0.40,0.40,0.37
   (1)  กระเบื้องปูพื้น ปิดผนังและโมเสก(พันตรม.),42.6,38.2,38.2,37.8,-21.04,-10.31,-10.31,-0.94,0.04,0.03,0.03,0.03
   (2)  เครื่องสุขภัณฑ์,63.4,54.6,54.6,67.3,0.69,-13.79,-13.79,23.26,0.05,0.04,0.04,0.05
   (3)  ลูกถ้วยไฟฟ้า,8.3,7.2,7.2,24.3,-38.70,-12.93,-12.93,235.02,0.01,0.01,0.01,0.02
   (4)  ของชำร่วยและเครื่องประดับ,2.9,3.7,3.7,3.1,-34.40,28.66,28.66,-15.29,0.00,0.00,0.00,0.00
   (5)  ผลิตภัณฑ์เซรามิกอื่น ๆ,290.1,440.4,440.4,336.8,130.41,51.82,51.82,-23.51,0.25,0.32,0.32,0.26
  3.20 เครื่องใช้บนโต๊ะอาหาร เครื่องครัว และของใช้ในบ้านเรือน,333.1,332.4,332.4,367.4,-17.87,-0.19,-0.19,10.52,0.28,0.24,0.24,0.29
   3.20.1 ถ้วยชามทำด้วยเซรามิก,102.4,101.3,101.3,112.5,10.45,-1.02,-1.02,11.05,0.09,0.07,0.07,0.09
   3.20.2 เครื่องใช้บนโต๊ะอาหาร เครื่องครัว ทำด้วยพลาสติก,87.8,82.7,82.7,83.5,4.24,-5.85,-5.85,1.01,0.07,0.06,0.06,0.07
   3.20.3 เครื่องใช้บนโต๊ะอาหาร เครื่องครัว ทำด้วยเหล็ก เหล็กกล้า,80.8,72.0,72.0,81.5,-46.34,-10.97,-10.97,13.24,0.07,0.05,0.05,0.06
   3.20.4 เครื่องแก้วใช้บนโต๊ะอาหาร ในครัว,40.8,38.7,38.7,27.8,-14.16,-5.25,-5.25,-28.10,0.03,0.03,0.03,0.02
   3.20.5 เครื่องใช้บนโต๊ะอาหาร เครื่องครัว ทำด้วยโลหะมีค่า,3.4,5.0,5.0,3.7,-56.76,46.99,46.99,-27.38,0.00,0.00,0.00,0.00
   3.20.6 เครื่องใช้บนโต๊ะอาหาร เครื่องครัว ทำด้วยอลูมิเนียม,17.8,19.5,19.5,26.3,-20.35,9.62,9.62,34.45,0.02,0.01,0.01,0.02
   3.20.7 เครื่องใช้บนโต๊ะอาหาร เครื่องครัว หรือของใช้ตามบ้านเรือน ทำด้วยทองแดง,0.0,13.2,13.2,32.2,-98.17,"440,853.33","440,853.33",143.14,0.00,0.01,0.01,0.03
  3.21 ยานพาหนะ อุปกรณ์และส่วนประกอบ,"12,334.5","12,924.2","12,924.2","12,382.4",-15.32,4.78,4.78,-4.19,10.43,9.51,9.51,9.72
   3.21.1 รถยนต์ อุปกรณ์และส่วนประกอบ,"6,438.1","7,411.8","7,411.8","8,282.1",-0.68,15.13,15.13,11.74,5.45,5.46,5.46,6.50
    (1) รถยนต์นั่ง,550.3,312.5,312.5,241.6,146.85,-43.21,-43.21,-22.68,0.47,0.23,0.23,0.19
    (2) รถแวน(พันคัน),,,,,,,,,,,,
    (3) รถปิคอัพ รถบัสและรถบรรทุก(พันคัน),542.4,887.6,887.6,"1,264.4",60.84,63.65,63.65,42.45,0.46,0.65,0.65,0.99
    (4) ส่วนประกอบและอุปกรณ์รถยนต์,"5,345.4","6,211.8","6,211.8","6,776.1",-9.73,16.21,16.21,9.08,4.52,4.57,4.57,5.32
     (4.1) ชิ้นส่วนครบชุดรถยนต์นั่ง,1.8,0.1,0.1,0.0,"457,425.00",-93.31,-93.31,-67.08,0.00,0.00,0.00,0.00
     (4.2) ชิ้นส่วนครบชุดรถแวน,,,,,,,,,,,,
     (4.3) ชิ้นส่วนครบชุดรถปิกอัพ รถบัสและรถบรรทุก,2.3,1.1,1.1,0.5,1.69,-54.72,-54.72,-52.93,0.00,0.00,0.00,0.00
     (4.4) ชุดสายไฟรถยนต์,243.7,279.7,279.7,415.7,-6.72,14.75,14.75,48.64,0.21,0.21,0.21,0.33
     (4.5) ส่วนประกอบและอุปกรณ์อื่น ๆ,"5,097.5","5,930.9","5,930.9","6,359.8",-9.91,16.35,16.35,7.23,4.31,4.37,4.37,4.99
   3.21.2 รถจักรยานยนต์และส่วนประกอบ,678.0,693.2,693.2,666.7,26.10,2.25,2.25,-3.83,0.57,0.51,0.51,0.52
    (1) รถจักรยานยนต์(พันคัน),412.3,387.9,387.9,395.7,50.45,-5.93,-5.93,2.03,0.35,0.29,0.29,0.31
    (2) ส่วนประกอบรถจักรยานยนต์,265.7,305.4,305.4,270.9,0.78,14.95,14.95,-11.27,0.22,0.22,0.22,0.21
     (2.1) ชิ้นส่วนครบชุดสมบูรณ์,152.2,150.3,150.3,212.6,-7.74,-1.22,-1.22,41.45,0.13,0.11,0.11,0.17
     (2.2) ส่วนประกอบรถจักรยานยนต์อื่น ๆ,113.5,155.1,155.1,58.3,15.00,36.62,36.62,-62.38,0.10,0.11,0.11,0.05
   3.21.3 รถจักรยานและส่วนประกอบ,57.2,33.3,33.3,45.8,231.92,-41.78,-41.78,37.46,0.05,0.02,0.02,0.04
    (1) รถจักรยาน(พันคัน),4.1,0.3,0.3,2.5,115.89,-92.18,-92.18,682.35,0.00,0.00,0.00,0.00
    (2) ส่วนประกอบรถจักรยาน,53.1,33.0,33.0,43.3,246.41,-37.86,-37.86,31.15,0.04,0.02,0.02,0.03
   3.21.4 เครื่องยนต์สันดาปภายในแบบลูกสูบและส่วนประกอบ,"4,982.2","4,612.0","4,612.0","3,231.1",-32.47,-7.43,-7.43,-29.94,4.21,3.39,3.39,2.54
   3.21.5 เครื่องอุปกรณ์ไฟฟ้าสำหรับจุดระเบิดเครื่องยนต์ และส่วนประกอบ,101.8,93.9,93.9,85.2,44.37,-7.72,-7.72,-9.29,0.09,0.07,0.07,0.07
   3.21.6 ยานพาหนะอื่น ๆ และส่วนประกอบ,77.3,79.9,79.9,71.6,-4.33,3.25,3.25,-10.40,0.07,0.06,0.06,0.06
  3.22 ของเล่น,48.0,30.7,30.7,39.8,7.90,-35.95,-35.95,29.39,0.04,0.02,0.02,0.03
   3.22.1 ของเล่นที่มีล้อ,0.0,0.0,0.0,0.0,213.79,-76.92,-76.92,466.67,0.00,0.00,0.00,0.00
   3.22.2 ตุ๊กตารูปคนและสัตว์,0.1,0.6,0.6,1.2,-94.35,319.27,319.27,95.78,0.00,0.00,0.00,0.00
   3.22.3 ของเล่นอื่น ๆ,47.8,30.1,30.1,38.6,14.18,-37.03,-37.03,28.02,0.04,0.02,0.02,0.03
  3.23 เครื่องกีฬาและเครื่องเล่มเกม,96.9,74.2,74.2,80.8,-16.89,-23.41,-23.41,8.88,0.08,0.05,0.05,0.06
   3.23.1 เครื่องกีฬาและเครื่องเล่นเกมสำหรับเล่นในห้อง (บิลเลียด วิดีโอเกม ไพ่ ฯลฯ),0.1,0.0,0.0,0.1,-37.14,-78.76,-78.76,493.33,0.00,0.00,0.00,0.00
   3.23.2 เครื่องกีฬาสำหรับเล่นกลางแจ้ง (สกี แบดมินตัน กอล์ฟ  เทนนิส ฯลฯ),82.9,59.9,59.9,70.0,-14.20,-27.84,-27.84,16.90,0.07,0.04,0.04,0.05
   3.23.3 อุปกรณ์สำหรับตกปลาและล่าสัตว์อื่น ๆ,13.9,14.3,14.3,10.7,-29.90,3.34,3.34,-25.14,0.01,0.01,0.01,0.01
  3.24 ประทีปโคมไฟ,7.5,8.4,8.4,12.4,-5.73,12.57,12.57,47.28,0.01,0.01,0.01,0.01
  3.25 ของใช้ในเทศกาลและงานรื่นเริง,16.0,17.5,17.5,11.7,-1.32,9.42,9.42,-33.27,0.01,0.01,0.01,0.01
   3.25.1 ของใช้ในเทศกาลคริสต์มาส,0.4,3.9,3.9,1.8,"7,397.92",974.24,974.24,-54.08,0.00,0.00,0.00,0.00
   3.25.2 ของใช้ในเทศกาลอี่น ๆ,15.7,13.7,13.7,9.9,-3.51,-12.74,-12.74,-27.39,0.01,0.01,0.01,0.01
  3.26 นาฬิกาและส่วนประกอบ,5.8,5.2,5.2,28.9,-15.10,-9.39,-9.39,450.86,0.00,0.00,0.00,0.02
   3.26.1 นาฬิกา,3.9,4.5,4.5,28.5,-34.40,16.06,16.06,536.58,0.00,0.00,0.00,0.02
   3.26.2 ส่วนประกอบนาฬิกา,1.9,0.8,0.8,0.4,104.37,-59.97,-59.97,-43.00,0.00,0.00,0.00,0.00
  3.27 เลนซ์,514.4,503.5,503.5,472.5,-13.79,-2.12,-2.12,-6.16,0.44,0.37,0.37,0.37
   3.27.1 เลนซ์แว่นตา,255.0,172.3,172.3,166.5,0.82,-32.42,-32.42,-3.36,0.22,0.13,0.13,0.13
    (1) เลนซ์ที่ทำด้วยกระจก,0.0,,,,-68.03,,,,0.00,,,
    (2) เลนซ์ที่ทำด้วยวัสดุอื่นๆ(เมตริกตัน),255.0,172.3,172.3,166.5,0.83,-32.42,-32.42,-3.36,0.22,0.13,0.13,0.13
   3.27.2 เลนซ์สำหรับกล้องถ่ายรูปและเครื่องฉาย,252.3,286.2,286.2,274.5,-26.56,13.45,13.45,-4.08,0.21,0.21,0.21,0.22
   3.27.3 เลนซ์อื่นๆ,7.1,44.9,44.9,31.4,"3,127.63",533.86,533.86,-30.12,0.01,0.03,0.03,0.02
  3.28 กล้องถ่ายรูปและอุปกรณ์,218.2,57.0,57.0,1.6,-9.29,-73.87,-73.87,-97.27,0.18,0.04,0.04,0.00
   3.28.1 กล้องถ่ายรูป(พันชิ้น),0.2,0.2,0.2,0.0,"2,407.14",16.05,16.05,-98.81,0.00,0.00,0.00,0.00
   3.28.2 เครื่องไฟแฟลชและหลอดไฟแฟลช(พันชิ้น),0.0,,,,-98.81,,,,0.00,,,
   3.28.3 ส่วนประกอบและอุปกรณ์กล้องถ่ายรูป,218.0,56.8,56.8,1.6,-9.30,-73.95,-73.95,-97.27,0.18,0.04,0.04,0.00
  3.29 เครื่องสำอาง สบู่ และผลิตภัณฑ์รักษาผิว,"1,429.8","1,505.9","1,505.9","1,661.5",5.34,5.32,5.32,10.34,1.21,1.11,1.11,1.30
   3.29.1 เครื่องสำอาง เครื่องหอมและสบู่,"1,178.5","1,240.1","1,240.1","1,390.0",-0.25,5.22,5.22,12.09,1.00,0.91,0.91,1.09
    (1) สิ่งปรุงแต่งที่ใช้แต่งหน้า หรือบำรุงผิว,180.0,187.4,187.4,311.0,-3.42,4.13,4.13,65.97,0.15,0.14,0.14,0.24
    (2) สิ่งปรุงแต่งสำหรับใช้กับผม,312.6,384.9,384.9,325.4,2.30,23.12,23.12,-15.45,0.26,0.28,0.28,0.26
    (3) สิ่งปรุงแต่งเพื่ออนามัยในช่องปากและฟัน,481.6,500.1,500.1,482.3,-1.95,3.85,3.85,-3.56,0.41,0.37,0.37,0.38
    (4) สิ่งปรุงแต่งที่ใช้โกนหนวด อาบน้ำและดับกลิ่นตัว,97.4,87.0,87.0,121.3,7.76,-10.69,-10.69,39.46,0.08,0.06,0.06,0.10
    (5) สบู่,104.9,78.6,78.6,100.4,-1.35,-25.12,-25.12,27.77,0.09,0.06,0.06,0.08
    (6) หัวน้ำหอมและน้ำหอม,2.0,2.1,2.1,49.5,27.19,4.28,4.28,"2,253.43",0.00,0.00,0.00,0.04
   3.29.2 วัตถุดิบเพื่อใช้ทำเครื่องสำอาง,251.3,265.8,265.8,271.6,42.88,5.77,5.77,2.17,0.21,0.20,0.20,0.21
    (1) เอสเซนเชียลออยล์,4.9,5.7,5.7,5.7,-35.51,14.99,14.99,0.46,0.00,0.00,0.00,0.00
    (2) ของผสมของสารที่มีกลิ่นหอม,2.1,2.6,2.6,2.0,172.89,24.85,24.85,-23.26,0.00,0.00,0.00,0.00
    (3) สิ่งปรุงแต่งที่ใช้หล่อลื่น,14.0,19.0,19.0,16.9,45.55,35.34,35.34,-11.15,0.01,0.01,0.01,0.01
    (4) ไขเทียมและไขปรุงแต่ง,41.5,76.0,76.0,71.3,-0.85,83.33,83.33,-6.14,0.04,0.06,0.06,0.06
    (5) สารอินทรีย์ที่เป็นตัวลดแรงตึงผิว,188.8,162.6,162.6,175.7,62.72,-13.90,-13.90,8.07,0.16,0.12,0.12,0.14
  3.30 หมวกและส่วนประกอบ,6.9,5.7,5.7,7.8,40.33,-17.87,-17.87,37.56,0.01,0.00,0.00,0.01
  3.31 เครื่องมือแพทย์และอุปกรณ์,349.2,403.7,403.7,381.2,-1.78,15.60,15.60,-5.56,0.30,0.30,0.30,0.30
  3.32 ผลิตภัณฑ์เภสัชภัณฑ์,81.8,241.0,241.0,228.9,-2.57,194.65,194.65,-5.04,0.07,0.18,0.18,0.18
  3.33 ปูนซิเมนต์,208.7,115.8,115.8,175.7,114.49,-44.50,-44.50,51.72,0.18,0.09,0.09,0.14
  3.34 หนังสือและสิ่งพิมพ์,12.6,8.2,8.2,9.4,-51.69,-34.42,-34.42,14.57,0.01,0.01,0.01,0.01
  3.35 เครื่องถ่ายเอกสาร ส่วนประกอบและอุปกรณ์,78.9,28.3,28.3,19.3,75.03,-64.15,-64.15,-31.92,0.07,0.02,0.02,0.02
  3.36 แก้วและกระจก,300.7,294.5,294.5,278.2,-2.40,-2.06,-2.06,-5.53,0.25,0.22,0.22,0.22
   3.36.1 กระเปาะแก้วและส่วนประกอบใช้ทำหลอด,52.5,37.2,37.2,26.1,64.17,-29.17,-29.17,-29.99,0.04,0.03,0.03,0.02
   3.36.2 โพล์ตกลาสและแก้วที่ขัดผิว,182.8,172.0,172.0,190.6,-5.31,-5.92,-5.92,10.83,0.15,0.13,0.13,0.15
   3.36.3 กระจกนิรภัย กระจกรถยนต์,16.1,18.7,18.7,13.2,-13.97,16.41,16.41,-29.40,0.01,0.01,0.01,0.01
   3.36.4 แก้วและกระจกอื่นๆ,49.2,66.5,66.5,48.3,-23.45,35.21,35.21,-27.41,0.04,0.05,0.05,0.04
  3.37 ผลิตภัณฑ์เบ็ดเตล็ด,659.0,478.2,478.2,486.8,11.06,-27.43,-27.43,1.79,0.56,0.35,0.35,0.38
   3.37.1 แปรงสีฟัน,99.0,86.1,86.1,80.7,-24.06,-13.10,-13.10,-6.21,0.08,0.06,0.06,0.06
   3.37.2 ปากกาและดินสอ,29.5,14.5,14.5,16.6,65.08,-50.68,-50.68,14.38,0.02,0.01,0.01,0.01
   3.37.3 เทียนไข,0.8,1.0,1.0,0.6,9.57,30.54,30.54,-36.21,0.00,0.00,0.00,0.00
   3.37.4 ไฟแช็ค,14.3,14.0,14.0,16.0,-29.73,-2.42,-2.42,14.79,0.01,0.01,0.01,0.01
   3.37.5 หวี กี๊บหนีบผม,5.7,0.1,0.1,0.2,18.10,-98.71,-98.71,175.55,0.00,0.00,0.00,0.00
   3.37.6 กระติกสูญญากาศและส่วนประกอบ,445.4,307.4,307.4,315.6,12.90,-30.99,-30.99,2.67,0.38,0.23,0.23,0.25
   3.37.7 แปรงและอุปกรณ์ทำความสะอาด,6.4,5.6,5.6,5.7,171.22,-11.97,-11.97,1.58,0.01,0.00,0.00,0.00
   3.37.8 ผลิตภัณฑ์เบ็ดเตล็ดอื่นๆ,57.9,49.6,49.6,51.3,159.10,-14.46,-14.46,3.42,0.05,0.04,0.04,0.04
  3.38 ผลิตภัณฑ์สังกะสี,1.0,1.3,1.3,0.6,-95.35,24.53,24.53,-56.09,0.00,0.00,0.00,0.00
  3.39 กระดาษและผลิตภัณฑ์กระดาษ,"2,380.9","2,394.8","2,394.8","2,383.7",3.80,0.58,0.58,-0.46,2.01,1.76,1.76,1.87
   3.39.1 กระดาษใช้สำหรับเขียน พิมพ์ หรือวัตถุประสงค์อื่นทางกราฟิก,906.5,918.1,918.1,908.1,2.24,1.29,1.29,-1.10,0.77,0.68,0.68,0.71
   3.39.2 กระดาษคราฟท์,154.2,157.2,157.2,183.6,27.65,1.93,1.93,16.80,0.13,0.12,0.12,0.14
   3.39.3 กระดาษแข็ง,237.8,311.3,311.3,378.0,12.26,30.94,30.94,21.42,0.20,0.23,0.23,0.30
   3.39.4 กระดาษชำระ กระดาษเช็ดหน้า กระดาษอนามัย,720.6,700.6,700.6,608.4,-1.53,-2.78,-2.78,-13.16,0.61,0.52,0.52,0.48
   3.39.5 บรรจุภัณฑ์กระดาษ (หีบ กล่อง ซองฯ),180.9,164.3,164.3,159.4,12.16,-9.17,-9.17,-3.01,0.15,0.12,0.12,0.13
   3.39.6 กระดาษและผลิตภัณฑ์กระดาษอื่นๆ,181.0,143.3,143.3,146.3,-0.20,-20.83,-20.83,2.15,0.15,0.11,0.11,0.11
  3.40 ร่ม,0.2,0.2,0.2,0.1,-30.83,24.88,24.88,-69.81,0.00,0.00,0.00,0.00
  3.41 แม่พิมพ์หุ่นแบบหล่อโลหะ,52.6,104.6,104.6,110.6,36.11,98.88,98.88,5.73,0.04,0.08,0.08,0.09
  3.42 ของเบ็ดเตล็ดทำด้วยโลหะสามัญ,259.1,367.0,367.0,374.1,-1.74,41.60,41.60,1.96,0.22,0.27,0.27,0.29
   3.42.1 กุญแจสายยู,52.2,140.7,140.7,149.2,36.89,169.61,169.61,6.06,0.04,0.10,0.10,0.12
   3.42.2 อุปกรณ์สำหรับยึดติด ทำด้วยโลหะ,147.1,161.6,161.6,169.9,0.18,9.89,9.89,5.11,0.12,0.12,0.12,0.13
   3.42.3 ตู้นิรภัยและตู้เอกสาร,2.0,1.6,1.6,1.2,77.97,-18.24,-18.24,-25.03,0.00,0.00,0.00,0.00
   3.42.4 รูปหล่อโลหะขนาดเล็ก,8.4,16.6,16.6,3.6,-44.48,97.88,97.88,-78.22,0.01,0.01,0.01,0.00
   3.42.5 จุกและฝาเกลียว,45.6,43.9,43.9,48.1,-20.87,-3.84,-3.84,9.56,0.04,0.03,0.03,0.04
   3.42.6 ของเบ็ดเตล็ดอื่น ๆ ทำด้วยโลหะสามัญ,3.9,2.6,2.6,2.2,-21.14,-34.19,-34.19,-16.11,0.00,0.00,0.00,0.00
  3.43 เครื่องจักรกลและส่วนประกอบของเครื่องจักรกล,"3,726.3","3,228.1","3,228.1","3,006.6",11.53,-13.37,-13.37,-6.86,3.15,2.38,2.38,2.36
   3.43.1 เครื่องจักรใช้ในการแปรรูปยางหรือพลาสติก,61.8,71.1,71.1,114.7,-12.55,15.07,15.07,61.21,0.05,0.05,0.05,0.09
   3.43.2 เครื่องจักรสิ่งทอ,96.6,120.1,120.1,186.6,-20.06,24.29,24.29,55.38,0.08,0.09,0.09,0.15
   3.43.3 ลิฟต์ บันไดเลื่อน และเครื่องจักรสำหรับลำเลียงขนย้าย,50.7,71.2,71.2,104.9,-5.93,40.22,40.22,47.43,0.04,0.05,0.05,0.08
   3.43.4 เครื่องจักรใช้ในอุตสาหกรรมการพิมพ์,36.2,111.6,111.6,66.9,-21.23,207.94,207.94,-40.09,0.03,0.08,0.08,0.05
   3.43.5 เครื่องสูบเชื้อเพลิง ของเหลว และเครื่องสูบลม,386.8,422.4,422.4,542.6,-0.44,9.21,9.21,28.45,0.33,0.31,0.31,0.43
   3.43.6 บอยเลอร์,3.1,2.1,2.1,6.3,203.41,-33.76,-33.76,202.26,0.00,0.00,0.00,0.00
   3.43.7 เครื่องกังหันไอพ่นและกังหันอื่น ๆ,183.9,127.9,127.9,122.8,-13.08,-30.43,-30.43,-3.98,0.16,0.09,0.09,0.10
   3.43.8 เครื่องจักรที่ใช้กรอง แยกของเหลวหรือก๊าซ,433.9,340.1,340.1,375.5,13.68,-21.62,-21.62,10.42,0.37,0.25,0.25,0.29
   3.43.9 เครื่องจักรที่ใช้ในการก่อสร้างและส่วนประกอบ,149.6,83.2,83.2,133.5,12.10,-44.40,-44.40,60.42,0.13,0.06,0.06,0.10
   3.43.10 เพลาส่งกำลังและข้อเหวี่ยง,188.7,226.9,226.9,184.0,19.45,20.26,20.26,-18.88,0.16,0.17,0.17,0.14
   3.43.11 เครื่องวัดรอบ เครื่องบอกความเร็วและอุปกรณ์,53.7,81.6,81.6,150.9,-33.25,52.00,52.00,85.04,0.05,0.06,0.06,0.12
   3.43.12 เครื่องจักรกลและส่วนประกอบอื่น ๆ,"2,081.1","1,570.0","1,570.0","1,017.9",22.78,-24.56,-24.56,-35.17,1.76,1.16,1.16,0.80
  3.44 อากาศยาน ยานอวกาศ และส่วนประกอบ(เมตริกตัน),482.2,496.5,496.5,635.5,148.45,2.95,2.95,28.00,0.41,0.37,0.37,0.50
  3.45 เครื่องดนตรีและส่วนประกอบ,3.6,3.0,3.0,5.4,-11.43,-16.37,-16.37,79.39,0.00,0.00,0.00,0.00
  3.46 อาวุธ กระสุน รวมทั้งส่วนประกอบ,0.0,,,,-90.77,,,,0.00,,,
  3.47 ทองแดงและของทำด้วยทองแดง,"2,715.1","3,113.0","3,113.0","3,628.7",25.96,14.66,14.66,16.57,2.30,2.29,2.29,2.85
   3.47.1 หลอดหรือท่อและอุปกรณ์ติดตั้งของหลอดหรือท่อทองแดง,187.7,199.9,199.9,184.5,-6.69,6.51,6.51,-7.72,0.16,0.15,0.15,0.14
   3.47.2 ฟอยล์ทำด้วยทองแดง,147.2,87.1,87.1,103.6,78.23,-40.84,-40.84,18.96,0.12,0.06,0.06,0.08
   3.47.3 ท่อนและเส้นทำด้วยทองแดง,757.5,891.8,891.8,"1,184.5",15.71,17.72,17.72,32.82,0.64,0.66,0.66,0.93
   3.47.4 เศษและของที่ใช้ไม่ได้ที่เป็นทองแดง,792.2,"1,209.6","1,209.6","1,410.2",38.47,52.70,52.70,16.58,0.67,0.89,0.89,1.11
   3.47.5 ทองแดงและของทำด้วยทองแดงอื่น ๆ,830.4,724.6,724.6,745.9,28.74,-12.75,-12.75,2.95,0.70,0.53,0.53,0.59
  3.48 สินค้าอุตสาหกรรมอื่น ๆ,"2,567.4","1,856.5","1,856.5","2,233.3",45.96,-27.69,-27.69,20.30,2.17,1.37,1.37,1.75
 4. สินค้าแร่และเชื้อเพลิง,"1,739.6","1,817.3","1,817.3","1,668.4",-41.70,4.46,4.46,-8.19,1.47,1.34,1.34,1.31
  4.1 ดีบุก,,,,,,,,,,,,
  4.2 แร่ยิบซัม,28.8,30.2,30.2,82.7,-58.60,5.15,5.15,173.47,0.02,0.02,0.02,0.06
  4.3 ก๊าซปิโตรเลียมเหลว,,,,,,,,,,,,
  4.4 ก๊าซธรรมชาติ,,,,,,,,,,,,
  4.5 สังกะสี,,,,,,,,,,,,
  4.6 ตะกั่ว,,,,,,,,,,,,
  4.7 เฟลค์สปาร์,,,,,,,,,,,,
  4.8 แบไรท์,6.5,8.6,8.6,7.7,-49.38,33.14,33.14,-10.57,0.01,0.01,0.01,0.01
  4.9 ฟลูออร์สปาร์,1.4,,,,-73.50,,,,0.00,,,
  4.10 สเตอวีไรต์,,,,,,,,,,,,
  4.11 น้ำมันดิบ(พันลิตร),0.0,0.0,0.0,0.0,,,,"1,500.00",0.00,0.00,0.00,0.00
  4.12 น้ำมันสำเร็จรูป,"1,469.2","1,256.6","1,256.6","1,290.1",-44.34,-14.47,-14.47,2.66,1.24,0.92,0.92,1.01
   4.12.1 น้ำมันเบนซิน(พันลิตร),,0.0,0.0,,,,,,,0.00,0.00,
   4.12.2 น้ำมันดีเซล(พันลิตร),,,,,,,,,,,,
   4.12.3 น้ำมันก๊าด(พันลิตร),,,,,,,,,,,,
   4.12.4 น้ำมันสำเร็จรูปอื่น ๆ(พันลิตร),795.4,423.9,423.9,601.8,-50.75,-46.70,-46.70,41.98,0.67,0.31,0.31,0.47
   4.12.5 ปิโตรเลียมบิทูเมนและกากอื่น ๆ,,,,,,,,,,,,
   4.12.6 น้ำมันที่กลั่นจากทาร์ของถ่านหิน,673.9,832.7,832.7,688.2,60.02,23.57,23.57,-17.35,0.57,0.61,0.61,0.54
  4.13 สินค้าแร่และเชื้อเพลิงอื่น ๆ,233.8,521.8,521.8,287.9,-9.00,123.21,123.21,-44.83,0.20,0.38,0.38,0.23
 5. อื่น ๆ (ธุรกรรมพิเศษ เช่น ของที่ออกไปกับตน),0.0,0.0,0.0,0.0,,,,,0.00,0.00,0.00,0.00
  ที่มา : ศูนย์เทคโนโลยีสารสนเทศและการสื่อสาร สำนักงานปลัดกระทรวงพาณิชย์ โดยความร่วมมือจากกรมศุลกากร,,,,,,,,,,,,
